Time,header.seq,header.stamp.secs,header.stamp.nsecs,header.frame_id,values_0,values_1,values_2,values_3
1710962281.4051483,17336,1710962281,402486535,crazy08/base_link,45069.0,41109.0,42331.0,45703.0
1710962281.4137826,17337,1710962281,411129505,crazy08/base_link,45310.0,40604.0,42520.0,45778.0
1710962281.4228106,17338,1710962281,420185942,crazy08/base_link,45715.0,41605.0,40969.0,44803.0
1710962281.432746,17339,1710962281,430070597,crazy08/base_link,47023.0,40889.0,39805.0,45375.0
1710962281.4435208,17340,1710962281,440878601,crazy08/base_link,47689.0,42843.0,39153.0,43955.0
1710962281.4524581,17341,1710962281,449780925,crazy08/base_link,47365.0,43875.0,39991.0,42409.0
1710962281.4638922,17342,1710962281,461185257,crazy08/base_link,47219.0,43825.0,39707.0,42889.0
1710962281.4837687,17343,1710962281,481056076,crazy08/base_link,46656.0,44438.0,41038.0,42764.0
1710962281.4921815,17344,1710962281,489480789,crazy08/base_link,46072.0,45968.0,42114.0,40742.0
1710962281.5039368,17345,1710962281,501239781,crazy08/base_link,45733.0,43641.0,41099.0,42855.0
1710962281.5129,17346,1710962281,510226172,crazy08/base_link,44764.0,44374.0,42320.0,41870.0
1710962281.5232217,17347,1710962281,520576020,crazy08/base_link,44091.0,43497.0,42767.0,42973.0
1710962281.5333724,17348,1710962281,530679199,crazy08/base_link,43042.0,42014.0,44768.0,44100.0
1710962281.5421033,17349,1710962281,539446648,crazy08/base_link,43442.0,42222.0,44002.0,44258.0
1710962281.5531557,17350,1710962281,550448478,crazy08/base_link,44542.0,43368.0,43830.0,41872.0
1710962281.5628493,17351,1710962281,560225526,crazy08/base_link,46253.0,43251.0,41439.0,42669.0
1710962281.5728579,17352,1710962281,570209499,crazy08/base_link,45809.0,44079.0,42883.0,41017.0
1710962281.581799,17353,1710962281,579237417,crazy08/base_link,47619.0,44689.0,40331.0,41149.0
1710962281.5934505,17354,1710962281,590832415,crazy08/base_link,48589.0,44955.0,40685.0,39171.0
1710962281.6042747,17355,1710962281,601613707,crazy08/base_link,48584.0,47366.0,39966.0,37976.0
1710962281.6113648,17356,1710962281,608701777,crazy08/base_link,49723.0,44353.0,40303.0,39513.0
1710962281.6230917,17357,1710962281,620516979,crazy08/base_link,47827.0,44499.0,42117.0,40565.0
1710962281.6318984,17358,1710962281,629304492,crazy08/base_link,49701.0,41887.0,40861.0,40459.0
1710962281.6427944,17359,1710962281,640149149,crazy08/base_link,47619.0,42099.0,41677.0,41673.0
1710962281.6525786,17360,1710962281,650018980,crazy08/base_link,47957.0,40231.0,42723.0,42157.0
1710962281.6626115,17361,1710962281,659934855,crazy08/base_link,46908.0,41316.0,43202.0,43674.0
1710962281.6738722,17362,1710962281,671245233,crazy08/base_link,47060.0,41246.0,44372.0,42422.0
1710962281.682927,17363,1710962281,680343837,crazy08/base_link,45418.0,41664.0,43808.0,41974.0
1710962281.69284,17364,1710962281,690207435,crazy08/base_link,46888.0,42652.0,44094.0,39466.0
1710962281.7028615,17365,1710962281,700079372,crazy08/base_link,46840.0,42696.0,42764.0,40800.0
1710962281.7123008,17366,1710962281,709619214,crazy08/base_link,47685.0,41641.0,43367.0,39883.0
1710962281.7231667,17367,1710962281,720550982,crazy08/base_link,47639.0,42655.0,43157.0,40905.0
1710962281.7321093,17368,1710962281,729442164,crazy08/base_link,47964.0,40670.0,44198.0,41524.0
1710962281.7431047,17369,1710962281,740514838,crazy08/base_link,47372.0,41484.0,42642.0,41518.0
1710962281.753669,17370,1710962281,751049881,crazy08/base_link,47979.0,40475.0,43559.0,41003.0
1710962281.7627475,17371,1710962281,760122756,crazy08/base_link,48285.0,41339.0,42201.0,41839.0
1710962281.7734752,17372,1710962281,770063336,crazy08/base_link,47712.0,41058.0,44316.0,40578.0
1710962281.7826006,17373,1710962281,779668429,crazy08/base_link,47219.0,41689.0,43365.0,41055.0
1710962281.7943525,17374,1710962281,791306498,crazy08/base_link,44081.0,40367.0,47077.0,41663.0
1710962281.8020463,17375,1710962281,799230563,crazy08/base_link,44805.0,42029.0,45365.0,40989.0
1710962281.8131082,17376,1710962281,810210846,crazy08/base_link,45435.0,42251.0,45739.0,40579.0
1710962281.822179,17377,1710962281,819221010,crazy08/base_link,45373.0,42285.0,44381.0,40965.0
1710962281.833783,17378,1710962281,830687573,crazy08/base_link,45434.0,41100.0,45216.0,41786.0
1710962281.842291,17379,1710962281,839248860,crazy08/base_link,45888.0,42098.0,44336.0,41214.0
1710962281.852692,17380,1710962281,849560684,crazy08/base_link,47416.0,41186.0,44360.0,41634.0
1710962281.8623888,17381,1710962281,859496803,crazy08/base_link,47825.0,41415.0,43289.0,41743.0
1710962281.873067,17382,1710962281,870237324,crazy08/base_link,49064.0,41588.0,42970.0,40650.0
1710962281.881839,17383,1710962281,878934869,crazy08/base_link,48688.0,41172.0,42020.0,41164.0
1710962281.8939626,17384,1710962281,891131000,crazy08/base_link,50262.0,40786.0,41988.0,40008.0
1710962281.9029703,17385,1710962281,900246701,crazy08/base_link,50446.0,41822.0,42028.0,40800.0
1710962281.9141984,17386,1710962281,911366627,crazy08/base_link,51979.0,39003.0,42249.0,41865.0
1710962281.9227502,17387,1710962281,920109798,crazy08/base_link,49263.0,38437.0,43911.0,43113.0
1710962281.9336054,17388,1710962281,930920659,crazy08/base_link,48616.0,34602.0,46080.0,44718.0
1710962281.941981,17389,1710962281,939415687,crazy08/base_link,46942.0,38574.0,46196.0,42304.0
1710962281.9524693,17390,1710962281,949847806,crazy08/base_link,47706.0,37608.0,47626.0,41640.0
1710962281.9619207,17391,1710962281,959402473,crazy08/base_link,45974.0,39872.0,47778.0,40956.0
1710962281.9718587,17392,1710962281,969267157,crazy08/base_link,47480.0,38368.0,48264.0,41312.0
1710962281.9834232,17393,1710962281,980600529,crazy08/base_link,47138.0,40148.0,47238.0,40996.0
1710962281.9930725,17394,1710962281,990287782,crazy08/base_link,47567.0,39403.0,48373.0,40133.0
1710962282.003635,17395,1710962282,1016413,crazy08/base_link,48708.0,40954.0,45738.0,40076.0
1710962282.0132368,17396,1710962282,10508838,crazy08/base_link,50533.0,39969.0,44829.0,39045.0
1710962282.0222049,17397,1710962282,19429548,crazy08/base_link,49721.0,40029.0,44331.0,40463.0
1710962282.0320764,17398,1710962282,29291091,crazy08/base_link,52232.0,40748.0,42586.0,38978.0
1710962282.0423956,17399,1710962282,39552541,crazy08/base_link,52253.0,41107.0,42387.0,39913.0
1710962282.0530875,17400,1710962282,50327701,crazy08/base_link,53177.0,40859.0,41543.0,39505.0
1710962282.0615764,17401,1710962282,58841788,crazy08/base_link,52821.0,40607.0,41133.0,40523.0
1710962282.0733907,17402,1710962282,70670565,crazy08/base_link,53504.0,40814.0,41216.0,40046.0
1710962282.084393,17403,1710962282,81748934,crazy08/base_link,52270.0,39508.0,42082.0,41720.0
1710962282.0939896,17404,1710962282,91305784,crazy08/base_link,51844.0,38804.0,42786.0,40986.0
1710962282.1046023,17405,1710962282,102095890,crazy08/base_link,49781.0,39631.0,43921.0,40727.0
1710962282.111533,17406,1710962282,108923584,crazy08/base_link,48459.0,40543.0,45965.0,40537.0
1710962282.1225884,17407,1710962282,119962465,crazy08/base_link,46953.0,39365.0,47087.0,42219.0
1710962282.1322799,17408,1710962282,129680527,crazy08/base_link,45902.0,41850.0,47724.0,40148.0
1710962282.1418922,17409,1710962282,139249787,crazy08/base_link,45621.0,40451.0,47527.0,40913.0
1710962282.1528351,17410,1710962282,150206437,crazy08/base_link,45437.0,40543.0,47403.0,41397.0
1710962282.1620314,17411,1710962282,159292212,crazy08/base_link,46556.0,41452.0,46502.0,40270.0
1710962282.1726344,17412,1710962282,170019936,crazy08/base_link,47454.0,41822.0,44990.0,40258.0
1710962282.1822274,17413,1710962282,179463548,crazy08/base_link,48071.0,42005.0,44779.0,39669.0
1710962282.1916027,17414,1710962282,188888423,crazy08/base_link,48720.0,40476.0,43596.0,41924.0
1710962282.2015488,17415,1710962282,199001239,crazy08/base_link,49080.0,40674.0,43632.0,41410.0
1710962282.2125046,17416,1710962282,209753076,crazy08/base_link,48913.0,42595.0,42637.0,40651.0
1710962282.222797,17417,1710962282,220290153,crazy08/base_link,49659.0,41291.0,42899.0,41423.0
1710962282.231539,17418,1710962282,228818199,crazy08/base_link,48334.0,41840.0,42900.0,40886.0
1710962282.2427354,17419,1710962282,240153926,crazy08/base_link,48656.0,40674.0,43568.0,41610.0
1710962282.251669,17420,1710962282,249020502,crazy08/base_link,47129.0,42357.0,44231.0,40791.0
1710962282.2624197,17421,1710962282,259809409,crazy08/base_link,47676.0,41568.0,44632.0,41184.0
1710962282.2729688,17422,1710962282,270303270,crazy08/base_link,46444.0,42310.0,44892.0,41414.0
1710962282.2807322,17423,1710962282,278035098,crazy08/base_link,47140.0,41514.0,44900.0,41506.0
1710962282.291883,17424,1710962282,288954590,crazy08/base_link,46635.0,42401.0,43955.0,41221.0
1710962282.3022685,17425,1710962282,299634819,crazy08/base_link,46960.0,40610.0,44778.0,42428.0
1710962282.3124204,17426,1710962282,309585577,crazy08/base_link,47397.0,40785.0,42701.0,43893.0
1710962282.3219628,17427,1710962282,319433700,crazy08/base_link,48345.0,39241.0,43005.0,44185.0
1710962282.3320034,17428,1710962282,329013221,crazy08/base_link,44381.0,52141.0,37537.0,24305.0
1710962282.3425407,17429,1710962282,339837795,crazy08/base_link,44711.0,49119.0,38853.0,25681.0
1710962282.3531966,17430,1710962282,350605733,crazy08/base_link,44651.0,42443.0,38343.0,32927.0
1710962282.3620281,17431,1710962282,359484309,crazy08/base_link,42062.0,37492.0,41624.0,37186.0
1710962282.372486,17432,1710962282,369919931,crazy08/base_link,40198.0,31046.0,41812.0,45308.0
1710962282.3831546,17433,1710962282,380539275,crazy08/base_link,38808.0,29490.0,44360.0,45706.0
1710962282.3925147,17434,1710962282,389934207,crazy08/base_link,35641.0,26327.0,46269.0,50127.0
1710962282.403313,17435,1710962282,400744364,crazy08/base_link,38506.0,25580.0,44772.0,49506.0
1710962282.4119785,17436,1710962282,409428268,crazy08/base_link,36981.0,25571.0,44935.0,50877.0
1710962282.4226162,17437,1710962282,420062470,crazy08/base_link,39880.0,29290.0,43454.0,45740.0
1710962282.4311192,17438,1710962282,428588489,crazy08/base_link,39928.0,30630.0,41620.0,46186.0
1710962282.4417012,17439,1710962282,439127178,crazy08/base_link,42375.0,37529.0,40335.0,38125.0
1710962282.4521406,17440,1710962282,449572446,crazy08/base_link,42273.0,40011.0,39109.0,36971.0
1710962282.4626904,17441,1710962282,460078892,crazy08/base_link,43029.0,43759.0,39301.0,32275.0
1710962282.4713554,17442,1710962282,468750464,crazy08/base_link,42770.0,46036.0,38682.0,30876.0
1710962282.4820569,17443,1710962282,479478897,crazy08/base_link,43043.0,47041.0,39307.0,28973.0
1710962282.4914143,17444,1710962282,488836211,crazy08/base_link,42883.0,45233.0,38675.0,31573.0
1710962282.501834,17445,1710962282,499262740,crazy08/base_link,42091.0,44069.0,39891.0,32313.0
1710962282.5125067,17446,1710962282,509852940,crazy08/base_link,40481.0,43693.0,40205.0,33985.0
1710962282.5230794,17447,1710962282,520429290,crazy08/base_link,40930.0,40472.0,40468.0,36494.0
1710962282.5319047,17448,1710962282,529297908,crazy08/base_link,40942.0,40090.0,42314.0,42334.0
1710962282.541282,17449,1710962282,538703928,crazy08/base_link,41560.0,39476.0,42892.0,41752.0
1710962282.5624816,17450,1710962282,559884489,crazy08/base_link,42306.0,37598.0,41384.0,44392.0
1710962282.5826821,17451,1710962282,580125674,crazy08/base_link,42652.0,39046.0,40396.0,43586.0
1710962282.6026196,17452,1710962282,600003947,crazy08/base_link,43218.0,43540.0,38946.0,39976.0
1710962282.6216302,17453,1710962282,619062995,crazy08/base_link,42357.0,48361.0,39215.0,35747.0
1710962282.6322474,17454,1710962282,629700024,crazy08/base_link,40967.0,51843.0,38335.0,34535.0
1710962282.6429014,17455,1710962282,640212407,crazy08/base_link,42142.0,50510.0,39100.0,33928.0
1710962282.651726,17456,1710962282,649177527,crazy08/base_link,41147.0,50451.0,38255.0,35827.0
1710962282.6625152,17457,1710962282,659978102,crazy08/base_link,42932.0,47400.0,41720.0,41124.0
1710962282.6727393,17458,1710962282,670182989,crazy08/base_link,42938.0,47562.0,39690.0,42986.0
1710962282.6814911,17459,1710962282,678947531,crazy08/base_link,44864.0,45492.0,39698.0,43122.0
1710962282.6927445,17460,1710962282,690167600,crazy08/base_link,43345.0,45847.0,39013.0,44971.0
1710962282.7017665,17461,1710962282,699157562,crazy08/base_link,44778.0,45608.0,39854.0,42936.0
1710962282.7122757,17462,1710962282,709706236,crazy08/base_link,44954.0,47284.0,38284.0,42654.0
1710962282.7214522,17463,1710962282,718873681,crazy08/base_link,46895.0,44065.0,39811.0,45557.0
1710962282.7320135,17464,1710962282,729444351,crazy08/base_link,46247.0,47935.0,40121.0,42025.0
1710962282.7426426,17465,1710962282,740121247,crazy08/base_link,46361.0,48945.0,41057.0,39965.0
1710962282.7514772,17466,1710962282,748897965,crazy08/base_link,45932.0,48692.0,41584.0,40120.0
1710962282.76245,17467,1710962282,759858483,crazy08/base_link,45952.0,46600.0,41844.0,41932.0
1710962282.7709787,17468,1710962282,768435608,crazy08/base_link,45711.0,46829.0,42257.0,41531.0
1710962282.8164885,17469,1710962282,813949138,crazy08/base_link,46515.0,43615.0,43585.0,44325.0
1710962282.8222466,17470,1710962282,819567344,crazy08/base_link,47341.0,42449.0,44243.0,44007.0
1710962282.8293736,17471,1710962282,826813998,crazy08/base_link,47348.0,42730.0,43924.0,44038.0
1710962282.8429742,17472,1710962282,840461787,crazy08/base_link,46606.0,42306.0,47408.0,44620.0
1710962282.8516738,17473,1710962282,849153114,crazy08/base_link,48636.0,41466.0,47646.0,43192.0
1710962282.862419,17474,1710962282,859907802,crazy08/base_link,46468.0,46020.0,47748.0,40704.0
1710962282.8711383,17475,1710962282,868580860,crazy08/base_link,48542.0,46304.0,48232.0,37862.0
1710962282.881821,17476,1710962282,879215654,crazy08/base_link,47678.0,48818.0,46388.0,38056.0
1710962282.8912535,17477,1710962282,888724513,crazy08/base_link,49882.0,48478.0,46050.0,36530.0
1710962282.9016738,17478,1710962282,899110476,crazy08/base_link,49142.0,48926.0,44264.0,38608.0
1710962282.9107287,17479,1710962282,908170226,crazy08/base_link,49490.0,47002.0,43624.0,39388.0
1710962282.9212809,17480,1710962282,918700143,crazy08/base_link,49390.0,47000.0,42574.0,40540.0
1710962282.9323187,17481,1710962282,929734481,crazy08/base_link,51032.0,45798.0,41256.0,41418.0
1710962282.9408386,17482,1710962282,938304832,crazy08/base_link,49611.0,45649.0,42111.0,42133.0
1710962282.9512115,17483,1710962282,948660259,crazy08/base_link,50724.0,46346.0,40550.0,41884.0
1710962282.9608905,17484,1710962282,958314424,crazy08/base_link,51612.0,45302.0,39438.0,43152.0
1710962282.9708683,17485,1710962282,968002436,crazy08/base_link,52485.0,46507.0,38783.0,44325.0
1710962282.9809644,17486,1710962282,978428136,crazy08/base_link,51648.0,46190.0,40078.0,44184.0
1710962282.9927797,17487,1710962282,990081393,crazy08/base_link,51394.0,49522.0,39872.0,41312.0
1710962283.0014892,17488,1710962282,998926021,crazy08/base_link,50410.0,50228.0,41726.0,39736.0
1710962283.010939,17489,1710962283,8412845,crazy08/base_link,50514.0,55772.0,39784.0,33882.0
1710962283.021621,17490,1710962283,19060686,crazy08/base_link,49348.0,53514.0,41574.0,35516.0
1710962283.031997,17491,1710962283,29435959,crazy08/base_link,49769.0,50935.0,40963.0,38285.0
1710962283.0425062,17492,1710962283,39903340,crazy08/base_link,47647.0,49577.0,43335.0,39393.0
1710962283.0611184,17493,1710962283,58566866,crazy08/base_link,42545.0,50411.0,48137.0,38859.0
1710962283.070809,17494,1710962283,68234505,crazy08/base_link,43813.0,48589.0,46859.0,40691.0
1710962283.0825694,17495,1710962283,79939210,crazy08/base_link,46743.0,42685.0,43615.0,45345.0
1710962283.1023188,17496,1710962283,99593666,crazy08/base_link,46974.0,47018.0,44918.0,39478.0
1710962283.1216416,17497,1710962283,119094549,crazy08/base_link,44918.0,54992.0,46030.0,31140.0
1710962283.1318603,17498,1710962283,129331719,crazy08/base_link,45643.0,56991.0,45129.0,29317.0
1710962283.1424963,17499,1710962283,139928965,crazy08/base_link,47061.0,54507.0,42281.0,33231.0
1710962283.151209,17500,1710962283,148660933,crazy08/base_link,46026.0,54068.0,42308.0,34678.0
1710962283.1621468,17501,1710962283,159521726,crazy08/base_link,45406.0,44422.0,43130.0,43694.0
1710962283.170685,17502,1710962283,168163704,crazy08/base_link,46209.0,42701.0,41219.0,46523.0
1710962283.1814234,17503,1710962283,178871280,crazy08/base_link,46381.0,40077.0,42039.0,48155.0
1710962283.1908617,17504,1710962283,188347149,crazy08/base_link,45727.0,41567.0,41453.0,47905.0
1710962283.2018254,17505,1710962283,199294361,crazy08/base_link,45095.0,43761.0,41355.0,43241.0
1710962283.2107296,17506,1710962283,208186709,crazy08/base_link,43883.0,45347.0,41189.0,43033.0
1710962283.2211816,17507,1710962283,218620131,crazy08/base_link,43927.0,46957.0,42191.0,40377.0
1710962283.231927,17508,1710962283,229415090,crazy08/base_link,42744.0,50004.0,42366.0,38338.0
1710962283.2410913,17509,1710962283,238491148,crazy08/base_link,42601.0,47055.0,43449.0,40911.0
1710962283.2515957,17510,1710962283,249028272,crazy08/base_link,42234.0,52284.0,42440.0,37058.0
1710962283.261985,17511,1710962283,259309381,crazy08/base_link,43242.0,51112.0,42612.0,37050.0
1710962283.2707565,17512,1710962283,268169328,crazy08/base_link,43513.0,51765.0,41173.0,37565.0
1710962283.2815647,17513,1710962283,279040773,crazy08/base_link,44144.0,46112.0,40908.0,41832.0
1710962283.2908921,17514,1710962283,288351094,crazy08/base_link,44395.0,49225.0,39645.0,39731.0
1710962283.3016567,17515,1710962283,299085113,crazy08/base_link,45687.0,49527.0,39457.0,38325.0
1710962283.312537,17516,1710962283,309952407,crazy08/base_link,45682.0,48908.0,38050.0,40356.0
1710962283.321524,17517,1710962283,318909892,crazy08/base_link,45931.0,46487.0,39141.0,41437.0
1710962283.3735256,17518,1710962283,370946223,crazy08/base_link,42968.0,47726.0,41518.0,39552.0
1710962283.3825376,17519,1710962283,379949792,crazy08/base_link,42942.0,47448.0,41604.0,39082.0
1710962283.3921745,17520,1710962283,389551936,crazy08/base_link,42130.0,47528.0,41844.0,39574.0
1710962283.4007754,17521,1710962283,398237027,crazy08/base_link,42607.0,49513.0,41673.0,37283.0
1710962283.4112034,17522,1710962283,408678025,crazy08/base_link,42910.0,50956.0,40596.0,36614.0
1710962283.4222705,17523,1710962283,419588013,crazy08/base_link,42885.0,48579.0,41305.0,38307.0
1710962283.4308527,17524,1710962283,428259026,crazy08/base_link,43346.0,49282.0,40490.0,37958.0
1710962283.4416974,17525,1710962283,439158813,crazy08/base_link,41944.0,39590.0,41162.0,45776.0
1710962283.4588416,17526,1710962283,456248017,crazy08/base_link,41944.0,39590.0,41162.0,45776.0
1710962283.4637854,17527,1710962283,461158816,crazy08/base_link,41932.0,39502.0,40640.0,46398.0
1710962283.4685407,17528,1710962283,465991775,crazy08/base_link,42992.0,41006.0,40092.0,44382.0
1710962283.4734411,17529,1710962283,470894201,crazy08/base_link,43158.0,43784.0,39848.0,41682.0
1710962283.4829862,17530,1710962283,480337792,crazy08/base_link,43158.0,46416.0,40148.0,38750.0
1710962283.4924266,17531,1710962283,489862362,crazy08/base_link,46400.0,59152.0,37926.0,26742.0
1710962283.501348,17532,1710962283,498828639,crazy08/base_link,46028.0,59120.0,38264.0,26808.0
1710962283.511585,17533,1710962283,509051831,crazy08/base_link,45588.0,58546.0,38864.0,27222.0
1710962283.5204778,17534,1710962283,517875863,crazy08/base_link,44709.0,52895.0,39753.0,32863.0
1710962283.530871,17535,1710962283,528356480,crazy08/base_link,42814.0,49716.0,41230.0,36460.0
1710962283.5414917,17536,1710962283,538907729,crazy08/base_link,41511.0,45101.0,42113.0,41495.0
1710962283.5545058,17537,1710962283,551883780,crazy08/base_link,40378.0,42896.0,43282.0,43664.0
1710962283.563447,17538,1710962283,560882231,crazy08/base_link,40378.0,42896.0,43282.0,43664.0
1710962283.568413,17539,1710962283,565901163,crazy08/base_link,40536.0,42452.0,43214.0,44018.0
1710962283.5738163,17540,1710962283,571281102,crazy08/base_link,40934.0,39792.0,42452.0,47042.0
1710962283.5806952,17541,1710962283,578121652,crazy08/base_link,41944.0,38850.0,40454.0,46496.0
1710962283.5916984,17542,1710962283,589164256,crazy08/base_link,42057.0,40327.0,40229.0,45131.0
1710962283.6007073,17543,1710962283,598034593,crazy08/base_link,43783.0,44663.0,38713.0,40585.0
1710962283.6111925,17544,1710962283,608580001,crazy08/base_link,43937.0,48025.0,38477.0,37305.0
1710962283.623312,17545,1710962283,620680594,crazy08/base_link,44909.0,48777.0,37501.0,36557.0
1710962283.6318128,17546,1710962283,629241605,crazy08/base_link,44843.0,51271.0,37317.0,34149.0
1710962283.6410465,17547,1710962283,638485483,crazy08/base_link,44163.0,51805.0,38481.0,33131.0
1710962283.6517975,17548,1710962283,649182601,crazy08/base_link,44205.0,51287.0,38479.0,33609.0
1710962283.6604393,17549,1710962283,657904470,crazy08/base_link,42435.0,48981.0,40005.0,36159.0
1710962283.6716008,17550,1710962283,669036106,crazy08/base_link,42606.0,47792.0,39784.0,37398.0
1710962283.6804802,17551,1710962283,677938457,crazy08/base_link,41987.0,45251.0,40269.0,40073.0
1710962283.6916423,17552,1710962283,689065861,crazy08/base_link,40851.0,44703.0,41225.0,40801.0
1710962283.7004547,17553,1710962283,697874738,crazy08/base_link,40843.0,43045.0,41433.0,42259.0
1710962283.7102046,17554,1710962283,707570298,crazy08/base_link,41613.0,41973.0,40787.0,43207.0
1710962283.7219927,17555,1710962283,719419234,crazy08/base_link,42046.0,42100.0,39892.0,42062.0
1710962283.730686,17556,1710962283,728120029,crazy08/base_link,42152.0,42456.0,39816.0,41676.0
1710962283.741238,17557,1710962283,738703773,crazy08/base_link,42905.0,44365.0,39101.0,39729.0
1710962283.7521296,17558,1710962283,749623459,crazy08/base_link,43088.0,45438.0,39112.0,38462.0
1710962283.760368,17559,1710962283,757818604,crazy08/base_link,44083.0,46613.0,38113.0,37291.0
1710962283.7708352,17560,1710962283,768275079,crazy08/base_link,44659.0,47045.0,38001.0,36395.0
1710962283.7812471,17561,1710962283,778692241,crazy08/base_link,44049.0,46653.0,38427.0,36971.0
1710962283.790465,17562,1710962283,787919979,crazy08/base_link,43917.0,46241.0,38815.0,37127.0
1710962283.8015463,17563,1710962283,798964272,crazy08/base_link,42658.0,45414.0,39780.0,38248.0
1710962283.8121023,17564,1710962283,809540841,crazy08/base_link,41678.0,45256.0,41154.0,37492.0
1710962283.8208573,17565,1710962283,818273812,crazy08/base_link,41992.0,44118.0,40234.0,39236.0
1710962283.8320308,17566,1710962283,829487550,crazy08/base_link,41616.0,43280.0,40360.0,40324.0
1710962283.841983,17567,1710962283,839396820,crazy08/base_link,41498.0,43996.0,40554.0,39532.0
1710962283.850461,17568,1710962283,847912344,crazy08/base_link,42646.0,44472.0,39720.0,38742.0
1710962283.871633,17569,1710962283,869090697,crazy08/base_link,43018.0,44494.0,39592.0,38476.0
1710962283.8807054,17570,1710962283,878128772,crazy08/base_link,42687.0,45169.0,39599.0,38125.0
1710962283.892129,17571,1710962283,889550038,crazy08/base_link,44342.0,43798.0,38462.0,38978.0
1710962283.9008968,17572,1710962283,898285509,crazy08/base_link,43207.0,44461.0,39427.0,38697.0
1710962283.9115095,17573,1710962283,908872151,crazy08/base_link,43691.0,44541.0,39229.0,38331.0
1710962283.9224668,17574,1710962283,919823320,crazy08/base_link,42549.0,44413.0,39903.0,38927.0
1710962283.9311676,17575,1710962283,928617422,crazy08/base_link,43565.0,45239.0,39461.0,37527.0
1710962283.9417243,17576,1710962283,939108138,crazy08/base_link,43537.0,44795.0,39339.0,38121.0
1710962283.9502587,17577,1710962283,947631925,crazy08/base_link,44461.0,44031.0,38481.0,38819.0
1710962283.9720619,17578,1710962283,969465045,crazy08/base_link,42518.0,44664.0,40036.0,38574.0
1710962283.99161,17579,1710962283,989057109,crazy08/base_link,42069.0,43417.0,40889.0,38681.0
1710962284.0001998,17580,1710962283,997616388,crazy08/base_link,42030.0,44240.0,40602.0,38184.0
1710962284.021601,17581,1710962284,18946437,crazy08/base_link,65535.0,38837.0,14981.0,47665.0
1710962284.0308204,17582,1710962284,28151618,crazy08/base_link,56140.0,40582.0,31238.0,45208.0
1710962284.041498,17583,1710962284,38956255,crazy08/base_link,53674.0,42722.0,33372.0,43400.0
1710962284.0502143,17584,1710962284,47487412,crazy08/base_link,50611.0,45449.0,36861.0,40247.0
1710962284.0606885,17585,1710962284,58160534,crazy08/base_link,47101.0,47515.0,39837.0,38715.0
1710962284.07117,17586,1710962284,68633529,crazy08/base_link,42902.0,51682.0,44110.0,34474.0
1710962284.083996,17587,1710962284,81418408,crazy08/base_link,40602.0,50488.0,45936.0,36142.0
1710962284.0916224,17588,1710962284,89051954,crazy08/base_link,38550.0,53150.0,48650.0,34986.0
1710962284.100595,17589,1710962284,98078224,crazy08/base_link,40558.0,51104.0,46480.0,37194.0
1710962284.1115928,17590,1710962284,109039063,crazy08/base_link,38012.0,53218.0,48554.0,35552.0
1710962284.1203957,17591,1710962284,117876185,crazy08/base_link,42151.0,49901.0,44767.0,38517.0
1710962284.13114,17592,1710962284,128613272,crazy08/base_link,42996.0,48106.0,43844.0,40390.0
1710962284.1400044,17593,1710962284,137479890,crazy08/base_link,47328.0,43406.0,40558.0,45976.0
1710962284.1510043,17594,1710962284,148437812,crazy08/base_link,48554.0,43728.0,40058.0,44928.0
1710962284.1622856,17595,1710962284,159647904,crazy08/base_link,49836.0,45580.0,39020.0,42832.0
1710962284.1709225,17596,1710962284,168403684,crazy08/base_link,51108.0,45754.0,38736.0,41670.0
1710962284.1817913,17597,1710962284,179228889,crazy08/base_link,52325.0,49245.0,37873.0,38985.0
1710962284.1912475,17598,1710962284,188726878,crazy08/base_link,52042.0,48328.0,39308.0,38750.0
1710962284.210284,17599,1710962284,207610273,crazy08/base_link,48054.0,47122.0,42950.0,40302.0
1710962284.2213705,17600,1710962284,218792349,crazy08/base_link,46596.0,46834.0,43654.0,41344.0
1710962284.231622,17601,1710962284,229069637,crazy08/base_link,45595.0,45675.0,45437.0,41917.0
1710962284.2403088,17602,1710962284,237796028,crazy08/base_link,45025.0,45639.0,45531.0,42429.0
1710962284.250831,17603,1710962284,248248485,crazy08/base_link,45247.0,44001.0,46445.0,42931.0
1710962284.262856,17604,1710962284,260126534,crazy08/base_link,46088.0,44728.0,44714.0,43094.0
1710962284.2821736,17605,1710962284,279518843,crazy08/base_link,48000.0,45674.0,43316.0,41554.0
1710962284.291572,17606,1710962284,289040985,crazy08/base_link,49102.0,45134.0,43904.0,40404.0
1710962284.300515,17607,1710962284,297889640,crazy08/base_link,49743.0,45939.0,42171.0,40691.0
1710962284.311671,17608,1710962284,309105271,crazy08/base_link,50955.0,44863.0,43105.0,39621.0
1710962284.3205545,17609,1710962284,317992268,crazy08/base_link,49391.0,45333.0,43493.0,40327.0
1710962284.3318694,17610,1710962284,329332366,crazy08/base_link,46977.0,50461.0,46501.0,31185.0
1710962284.3407452,17611,1710962284,338171964,crazy08/base_link,47884.0,45022.0,43642.0,38576.0
1710962284.3516266,17612,1710962284,349017829,crazy08/base_link,48755.0,42235.0,44799.0,39335.0
1710962284.3604167,17613,1710962284,357820136,crazy08/base_link,47644.0,43268.0,44426.0,39786.0
1710962284.3713105,17614,1710962284,368766193,crazy08/base_link,49694.0,40070.0,44494.0,40866.0
1710962284.3800986,17615,1710962284,377528312,crazy08/base_link,48840.0,40950.0,43752.0,42146.0
1710962284.391245,17616,1710962284,388713796,crazy08/base_link,50128.0,39822.0,44544.0,41194.0
1710962284.399971,17617,1710962284,397440227,crazy08/base_link,50005.0,41823.0,42741.0,41119.0
1710962284.4106393,17618,1710962284,408078354,crazy08/base_link,50980.0,40742.0,43464.0,40502.0
1710962284.4214535,17619,1710962284,418919134,crazy08/base_link,49858.0,42838.0,42614.0,39982.0
1710962284.450442,17620,1710962284,447828252,crazy08/base_link,49387.0,42613.0,45513.0,37779.0
1710962284.4610615,17621,1710962284,458479808,crazy08/base_link,48513.0,46111.0,44699.0,35969.0
1710962284.4724874,17622,1710962284,469923940,crazy08/base_link,50519.0,43475.0,44599.0,36699.0
1710962284.4901717,17623,1710962284,487516116,crazy08/base_link,48700.0,40738.0,45978.0,38392.0
1710962284.5005126,17624,1710962284,497988036,crazy08/base_link,48668.0,42720.0,44152.0,38268.0
1710962284.5107973,17625,1710962284,508234823,crazy08/base_link,50585.0,38795.0,44007.0,40421.0
1710962284.521616,17626,1710962284,519050243,crazy08/base_link,50834.0,42014.0,41890.0,39070.0
1710962284.5305655,17627,1710962284,528042078,crazy08/base_link,39989.0,46841.0,52615.0,32283.0
1710962284.540448,17628,1710962284,537910301,crazy08/base_link,49327.0,42709.0,42499.0,37193.0
1710962284.551145,17629,1710962284,548585486,crazy08/base_link,50622.0,40836.0,42324.0,37946.0
1710962284.560545,17630,1710962284,557936465,crazy08/base_link,48974.0,40124.0,43140.0,39490.0
1710962284.5704012,17631,1710962284,567897833,crazy08/base_link,51751.0,37027.0,41653.0,41297.0
1710962284.589749,17632,1710962284,587166106,crazy08/base_link,49069.0,39491.0,44471.0,38453.0
1710962284.600219,17633,1710962284,597641264,crazy08/base_link,48295.0,38075.0,43969.0,41145.0
1710962284.6108406,17634,1710962284,608297360,crazy08/base_link,47115.0,40795.0,45749.0,37825.0
1710962284.620037,17635,1710962284,617460872,crazy08/base_link,32796.0,43914.0,58124.0,34374.0
1710962284.6306438,17636,1710962284,628052991,crazy08/base_link,45623.0,38567.0,46187.0,38831.0
1710962284.6420608,17637,1710962284,639498609,crazy08/base_link,45981.0,40435.0,45061.0,37731.0
1710962284.6511428,17638,1710962284,648210485,crazy08/base_link,47291.0,42141.0,44397.0,35379.0
1710962284.6614506,17639,1710962284,658890540,crazy08/base_link,48782.0,41090.0,42480.0,36856.0
1710962284.6704068,17640,1710962284,667858480,crazy08/base_link,50250.0,40656.0,41878.0,36424.0
1710962284.6810832,17641,1710962284,678513660,crazy08/base_link,50857.0,40047.0,40345.0,37959.0
1710962284.6909513,17642,1710962284,688388787,crazy08/base_link,51667.0,39433.0,40669.0,37439.0
1710962284.6996577,17643,1710962284,697121722,crazy08/base_link,49200.0,40924.0,42416.0,36660.0
1710962284.7107332,17644,1710962284,708165493,crazy08/base_link,50380.0,40238.0,42048.0,36534.0
1710962284.7217531,17645,1710962284,719172175,crazy08/base_link,49644.0,39684.0,42054.0,37818.0
1710962284.7411158,17646,1710962284,738529374,crazy08/base_link,55147.0,42035.0,39201.0,37845.0
1710962284.7607899,17647,1710962284,758210957,crazy08/base_link,53364.0,38454.0,41574.0,40836.0
1710962284.7709587,17648,1710962284,768317542,crazy08/base_link,51679.0,38231.0,44555.0,39763.0
1710962284.7907753,17649,1710962284,788221112,crazy08/base_link,49886.0,37554.0,45950.0,40838.0
1710962284.799561,17650,1710962284,797001690,crazy08/base_link,49733.0,38711.0,45463.0,40321.0
1710962284.810303,17651,1710962284,807621881,crazy08/base_link,49741.0,38713.0,46397.0,39377.0
1710962284.8209877,17652,1710962284,818432009,crazy08/base_link,49202.0,40300.0,46048.0,38678.0
1710962284.8295171,17653,1710962284,826999687,crazy08/base_link,47731.0,41395.0,47973.0,36653.0
1710962284.8398662,17654,1710962284,837363181,crazy08/base_link,49450.0,43056.0,45492.0,35754.0
1710962284.8497336,17655,1710962284,847176128,crazy08/base_link,50561.0,42989.0,45183.0,35019.0
1710962284.86023,17656,1710962284,857720030,crazy08/base_link,52374.0,40962.0,42940.0,37476.0
1710962284.8709712,17657,1710962284,868440718,crazy08/base_link,50893.0,40263.0,44329.0,36495.0
1710962284.8800995,17658,1710962284,877545446,crazy08/base_link,51962.0,38538.0,42026.0,39454.0
1710962284.8892825,17659,1710962284,886757517,crazy08/base_link,53714.0,38358.0,41950.0,37958.0
1710962284.899877,17660,1710962284,897320733,crazy08/base_link,53950.0,37906.0,40880.0,39244.0
1710962284.9104395,17661,1710962284,907840957,crazy08/base_link,56605.0,35713.0,39251.0,40411.0
1710962284.9210865,17662,1710962284,918499975,crazy08/base_link,54675.0,36943.0,40401.0,39961.0
1710962284.9297626,17663,1710962284,927259362,crazy08/base_link,55761.0,37187.0,40475.0,38557.0
1710962284.9407907,17664,1710962284,938247296,crazy08/base_link,53798.0,38524.0,41844.0,37814.0
1710962284.9499805,17665,1710962284,947452409,crazy08/base_link,51154.0,43546.0,46198.0,31806.0
1710962284.9605892,17666,1710962284,958001811,crazy08/base_link,52215.0,39477.0,43787.0,37225.0
1710962284.9711447,17667,1710962284,968430750,crazy08/base_link,52486.0,39646.0,44148.0,36424.0
1710962284.9798796,17668,1710962284,977041001,crazy08/base_link,50783.0,39689.0,45249.0,36983.0
1710962284.9906733,17669,1710962284,988107559,crazy08/base_link,49830.0,39978.0,46076.0,36820.0
1710962284.9996698,17670,1710962284,997039292,crazy08/base_link,50113.0,38749.0,46751.0,37623.0
1710962285.0104105,17671,1710962285,7800244,crazy08/base_link,49909.0,38533.0,46203.0,38591.0
1710962285.0210257,17672,1710962285,18476425,crazy08/base_link,51091.0,37557.0,45691.0,38897.0
1710962285.0296683,17673,1710962285,27121196,crazy08/base_link,51196.0,37608.0,44828.0,39604.0
1710962285.0400105,17674,1710962285,37491608,crazy08/base_link,50918.0,37654.0,45436.0,39228.0
1710962285.0507133,17675,1710962285,48149337,crazy08/base_link,51712.0,37086.0,44314.0,40124.0
1710962285.0613434,17676,1710962285,58655749,crazy08/base_link,52761.0,37287.0,43873.0,39315.0
1710962285.0698147,17677,1710962285,67284356,crazy08/base_link,54042.0,37682.0,42162.0,39350.0
1710962285.0808365,17678,1710962285,78280902,crazy08/base_link,53727.0,38075.0,42943.0,38491.0
1710962285.0903037,17679,1710962285,87639307,crazy08/base_link,47667.0,38237.0,47153.0,37259.0
1710962285.1008432,17680,1710962285,98263765,crazy08/base_link,50343.0,38959.0,44833.0,36181.0
1710962285.109754,17681,1710962285,107159999,crazy08/base_link,50794.0,39284.0,43936.0,36302.0
1710962285.1202404,17682,1710962285,117681817,crazy08/base_link,54594.0,39354.0,39870.0,36498.0
1710962285.1309092,17683,1710962285,128399900,crazy08/base_link,60096.0,40832.0,36088.0,36516.0
1710962285.139518,17684,1710962285,136816786,crazy08/base_link,62537.0,40039.0,34265.0,36691.0
1710962285.149758,17685,1710962285,147197064,crazy08/base_link,59964.0,40778.0,36966.0,35824.0
1710962285.1607676,17686,1710962285,158145020,crazy08/base_link,60277.0,39039.0,37871.0,36345.0
1710962285.1694055,17687,1710962285,166842037,crazy08/base_link,57013.0,39147.0,40347.0,37025.0
1710962285.1802888,17688,1710962285,177718246,crazy08/base_link,58095.0,37651.0,40771.0,38415.0
1710962285.189746,17689,1710962285,187178385,crazy08/base_link,54326.0,38504.0,43734.0,38368.0
1710962285.1999886,17690,1710962285,197468072,crazy08/base_link,50968.0,38614.0,47298.0,38052.0
1710962285.2106621,17691,1710962285,208116982,crazy08/base_link,49571.0,37373.0,47859.0,40129.0
1710962285.2197423,17692,1710962285,216976225,crazy08/base_link,46843.0,37949.0,50619.0,39521.0
1710962285.2291882,17693,1710962285,226625304,crazy08/base_link,47536.0,39916.0,49630.0,37850.0
1710962285.2408466,17694,1710962285,238289597,crazy08/base_link,40468.0,38902.0,55354.0,37780.0
1710962285.2510138,17695,1710962285,248500150,crazy08/base_link,44796.0,38516.0,50826.0,38366.0
1710962285.2595167,17696,1710962285,257015091,crazy08/base_link,47062.0,39892.0,47782.0,37768.0
1710962285.270483,17697,1710962285,267913670,crazy08/base_link,51635.0,39227.0,43939.0,37703.0
1710962285.2810857,17698,1710962285,278528185,crazy08/base_link,51567.0,39899.0,43087.0,37603.0
1710962285.2904935,17699,1710962285,287893261,crazy08/base_link,57618.0,38806.0,38002.0,37730.0
1710962285.3009493,17700,1710962285,298401500,crazy08/base_link,60087.0,38197.0,35167.0,38705.0
1710962285.3095343,17701,1710962285,306998174,crazy08/base_link,60227.0,37495.0,35557.0,38877.0
1710962285.3204966,17702,1710962285,317911666,crazy08/base_link,60616.0,38142.0,35976.0,37422.0
1710962285.3295546,17703,1710962285,327000246,crazy08/base_link,58587.0,36355.0,37895.0,39319.0
1710962285.3403008,17704,1710962285,337763507,crazy08/base_link,56772.0,37314.0,40746.0,37324.0
1710962285.350864,17705,1710962285,348311984,crazy08/base_link,52940.0,36994.0,43010.0,37644.0
1710962285.3597693,17706,1710962285,357199134,crazy08/base_link,51254.0,38200.0,44632.0,36502.0
1710962285.3703208,17707,1710962285,367761677,crazy08/base_link,48481.0,39043.0,46879.0,36185.0
1710962285.38033,17708,1710962285,377809592,crazy08/base_link,48361.0,37785.0,46761.0,37681.0
1710962285.3910174,17709,1710962285,388416151,crazy08/base_link,46326.0,38888.0,48758.0,36556.0
1710962285.3997185,17710,1710962285,397171714,crazy08/base_link,46609.0,40483.0,48379.0,35057.0
1710962285.4107616,17711,1710962285,408216375,crazy08/base_link,49377.0,39771.0,45581.0,35799.0
1710962285.419602,17712,1710962285,417034206,crazy08/base_link,50839.0,40891.0,43699.0,35099.0
1710962285.4305127,17713,1710962285,427911608,crazy08/base_link,38608.0,33856.0,51168.0,36852.0
1710962285.4395308,17714,1710962285,436994882,crazy08/base_link,42100.0,32684.0,47554.0,38146.0
1710962285.4502692,17715,1710962285,447658501,crazy08/base_link,47027.0,32731.0,42757.0,37969.0
1710962285.4606087,17716,1710962285,458060533,crazy08/base_link,51207.0,34761.0,38263.0,36253.0
1710962285.4694612,17717,1710962285,466914799,crazy08/base_link,53677.0,34723.0,36089.0,35995.0
1710962285.4802842,17718,1710962285,477714059,crazy08/base_link,55917.0,34781.0,33929.0,35649.0
1710962285.4894147,17719,1710962285,486890550,crazy08/base_link,54871.0,35055.0,35107.0,35243.0
1710962285.5000188,17720,1710962285,497473760,crazy08/base_link,56960.0,38058.0,32904.0,32354.0
1710962285.5108223,17721,1710962285,508268624,crazy08/base_link,53736.0,37112.0,35914.0,33514.0
1710962285.5196936,17722,1710962285,517130321,crazy08/base_link,54389.0,37337.0,35339.0,33211.0
1710962285.5306697,17723,1710962285,528029146,crazy08/base_link,50538.0,36740.0,39146.0,33852.0
1710962285.5397675,17724,1710962285,537172277,crazy08/base_link,51460.0,37776.0,39202.0,34750.0
1710962285.5507476,17725,1710962285,548190883,crazy08/base_link,48036.0,37658.0,42786.0,34708.0
1710962285.5596251,17726,1710962285,557069067,crazy08/base_link,45820.0,37438.0,43694.0,36236.0
1710962285.570258,17727,1710962285,567635594,crazy08/base_link,44265.0,37649.0,45887.0,35387.0
1710962285.5789745,17728,1710962285,576463302,crazy08/base_link,43865.0,37997.0,44437.0,36889.0
1710962285.59028,17729,1710962285,587615032,crazy08/base_link,43993.0,37351.0,45497.0,36347.0
1710962285.5990665,17730,1710962285,596465179,crazy08/base_link,43748.0,38100.0,44610.0,36730.0
1710962285.6089385,17731,1710962285,606358047,crazy08/base_link,45768.0,36306.0,43518.0,37596.0
1710962285.620389,17732,1710962285,617864263,crazy08/base_link,39616.0,36194.0,48716.0,39358.0
1710962285.628762,17733,1710962285,626222676,crazy08/base_link,43068.0,36098.0,46582.0,38136.0
1710962285.6401682,17734,1710962285,637634488,crazy08/base_link,47856.0,37672.0,41378.0,36978.0
1710962285.6493378,17735,1710962285,646803940,crazy08/base_link,51117.0,38197.0,38923.0,35647.0
1710962285.6601603,17736,1710962285,657643639,crazy08/base_link,56181.0,39513.0,33881.0,34309.0
1710962285.669191,17737,1710962285,666635671,crazy08/base_link,65535.0,42576.0,25422.0,32328.0
1710962285.6801147,17738,1710962285,677529106,crazy08/base_link,65535.0,43134.0,25224.0,30630.0
1710962285.6895726,17739,1710962285,687023017,crazy08/base_link,63434.0,40458.0,28620.0,33876.0
1710962285.6999965,17740,1710962285,697444034,crazy08/base_link,60452.0,39390.0,32292.0,34254.0
1710962285.7106857,17741,1710962285,708132587,crazy08/base_link,53793.0,38859.0,38531.0,35205.0
1710962285.7224786,17742,1710962285,719789636,crazy08/base_link,47674.0,38266.0,43380.0,37068.0
1710962285.7292044,17743,1710962285,726654301,crazy08/base_link,43382.0,37378.0,48028.0,37600.0
1710962285.7399073,17744,1710962285,737380542,crazy08/base_link,37693.0,37133.0,51251.0,40311.0
1710962285.748868,17745,1710962285,746348602,crazy08/base_link,38916.0,37472.0,52822.0,38566.0
1710962285.7596328,17746,1710962285,757058215,crazy08/base_link,35329.0,38821.0,53115.0,40511.0
1710962285.770337,17747,1710962285,767677387,crazy08/base_link,39929.0,38491.0,51015.0,38341.0
1710962285.7789276,17748,1710962285,776386374,crazy08/base_link,39633.0,39957.0,48715.0,39471.0
1710962285.7907295,17749,1710962285,788172849,crazy08/base_link,45026.0,40024.0,45664.0,37062.0
1710962285.799641,17750,1710962285,797057328,crazy08/base_link,51616.0,42926.0,37888.0,36686.0
1710962285.8101485,17751,1710962285,807528356,crazy08/base_link,53634.0,41798.0,37596.0,36088.0
1710962285.8208284,17752,1710962285,818307286,crazy08/base_link,53756.0,41860.0,36456.0,37044.0
1710962285.8297288,17753,1710962285,827240618,crazy08/base_link,53303.0,40555.0,38073.0,37185.0
1710962285.8404675,17754,1710962285,837907360,crazy08/base_link,51912.0,39950.0,38782.0,38472.0
1710962285.851292,17755,1710962285,848777487,crazy08/base_link,50252.0,37652.0,40960.0,40252.0
1710962285.860039,17756,1710962285,857478777,crazy08/base_link,47790.0,39608.0,42622.0,40416.0
1710962285.8706927,17757,1710962285,868179633,crazy08/base_link,47110.0,38686.0,44392.0,40248.0
1710962285.8795114,17758,1710962285,876993414,crazy08/base_link,44206.0,38536.0,45368.0,42326.0
1710962285.8907118,17759,1710962285,888155845,crazy08/base_link,43212.0,40458.0,47986.0,38780.0
1710962285.8998713,17760,1710962285,897347434,crazy08/base_link,42946.0,40512.0,46546.0,40416.0
1710962285.910613,17761,1710962285,908032296,crazy08/base_link,44566.0,40700.0,46726.0,38428.0
1710962285.9193406,17762,1710962285,916780995,crazy08/base_link,43641.0,41243.0,46191.0,39345.0
1710962285.9301157,17763,1710962285,927471520,crazy08/base_link,45909.0,41423.0,45307.0,37781.0
1710962285.9390676,17764,1710962285,936574697,crazy08/base_link,45737.0,42721.0,44447.0,37515.0
1710962285.949655,17765,1710962285,947067012,crazy08/base_link,48221.0,40463.0,43031.0,38705.0
1710962285.9602773,17766,1710962285,957720771,crazy08/base_link,47946.0,41716.0,42676.0,38082.0
1710962285.9797773,17767,1710962285,977278372,crazy08/base_link,50058.0,40658.0,41422.0,39706.0
1710962285.9891598,17768,1710962285,986650401,crazy08/base_link,48791.0,40607.0,43129.0,39317.0
1710962285.9997206,17769,1710962285,997166113,crazy08/base_link,46080.0,40056.0,45098.0,40610.0
1710962286.0106673,17770,1710962286,8126779,crazy08/base_link,45966.0,40080.0,45878.0,39920.0
1710962286.0195968,17771,1710962286,17082030,crazy08/base_link,45372.0,39672.0,46050.0,41518.0
1710962286.030419,17772,1710962286,27886489,crazy08/base_link,44647.0,39851.0,47535.0,40579.0
1710962286.0390368,17773,1710962286,36442318,crazy08/base_link,42548.0,41900.0,48302.0,39862.0
1710962286.0494118,17774,1710962286,46860543,crazy08/base_link,44332.0,41354.0,47512.0,39414.0
1710962286.0586882,17775,1710962286,56076098,crazy08/base_link,44164.0,41984.0,46092.0,39352.0
1710962286.0694392,17776,1710962286,66887911,crazy08/base_link,45833.0,42159.0,45221.0,38379.0
1710962286.0799189,17777,1710962286,77389044,crazy08/base_link,45226.0,42794.0,44830.0,38742.0
1710962286.0896382,17778,1710962286,87103079,crazy08/base_link,47550.0,41334.0,43408.0,39300.0
1710962286.1004305,17779,1710962286,97849605,crazy08/base_link,47391.0,42577.0,43145.0,38479.0
1710962286.1092513,17780,1710962286,106442233,crazy08/base_link,48511.0,41961.0,42813.0,38307.0
1710962286.119657,17781,1710962286,117098450,crazy08/base_link,48018.0,41338.0,43350.0,38886.0
1710962286.1294196,17782,1710962286,126887613,crazy08/base_link,49144.0,38960.0,42574.0,40914.0
1710962286.1393936,17783,1710962286,136817695,crazy08/base_link,50735.0,40831.0,42545.0,39653.0
1710962286.1496208,17784,1710962286,147068072,crazy08/base_link,49952.0,39968.0,43584.0,40260.0
1710962286.1602914,17785,1710962286,157797139,crazy08/base_link,48692.0,38896.0,45598.0,40578.0
1710962286.1689584,17786,1710962286,166404851,crazy08/base_link,47925.0,41055.0,45857.0,38927.0
1710962286.1887455,17787,1710962286,186191717,crazy08/base_link,47065.0,39639.0,46747.0,40313.0
1710962286.1994069,17788,1710962286,196780363,crazy08/base_link,46789.0,39891.0,47653.0,39431.0
1710962286.2096949,17789,1710962286,207126608,crazy08/base_link,47886.0,40452.0,46396.0,39030.0
1710962286.2201946,17790,1710962286,217653372,crazy08/base_link,47820.0,41258.0,47336.0,37350.0
1710962286.2294066,17791,1710962286,226873173,crazy08/base_link,51748.0,41196.0,43564.0,38456.0
1710962286.2399647,17792,1710962286,237406768,crazy08/base_link,51898.0,41256.0,44460.0,37350.0
1710962286.2489715,17793,1710962286,246421620,crazy08/base_link,51230.0,40766.0,44330.0,38638.0
1710962286.2599614,17794,1710962286,257430373,crazy08/base_link,50276.0,40994.0,46444.0,37250.0
1710962286.2708497,17795,1710962286,268257929,crazy08/base_link,49802.0,39418.0,45846.0,39898.0
1710962286.2799845,17796,1710962286,277032720,crazy08/base_link,48521.0,39655.0,47599.0,38269.0
1710962286.2889798,17797,1710962286,286449453,crazy08/base_link,47189.0,40715.0,48041.0,38099.0
1710962286.2993674,17798,1710962286,296844901,crazy08/base_link,47335.0,38213.0,48765.0,39731.0
1710962286.3102593,17799,1710962286,307645849,crazy08/base_link,47339.0,39467.0,47973.0,39265.0
1710962286.3194647,17800,1710962286,316948292,crazy08/base_link,48093.0,38649.0,47517.0,39485.0
1710962286.3303185,17801,1710962286,327667187,crazy08/base_link,47850.0,40064.0,47248.0,38582.0
1710962286.3391259,17802,1710962286,336367174,crazy08/base_link,48446.0,39734.0,47334.0,38230.0
1710962286.3494577,17803,1710962286,346872871,crazy08/base_link,49323.0,39693.0,45659.0,39069.0
1710962286.3605967,17804,1710962286,357992215,crazy08/base_link,52121.0,41363.0,43453.0,37435.0
1710962286.3693607,17805,1710962286,366822407,crazy08/base_link,51054.0,41842.0,44092.0,37384.0
1710962286.3784451,17806,1710962286,375927728,crazy08/base_link,50908.0,41402.0,44554.0,37508.0
1710962286.38971,17807,1710962286,387206205,crazy08/base_link,51146.0,41510.0,44062.0,37654.0
1710962286.3985827,17808,1710962286,396024594,crazy08/base_link,50847.0,41535.0,44543.0,37447.0
1710962286.4096394,17809,1710962286,406945105,crazy08/base_link,52655.0,40757.0,42151.0,38601.0
1710962286.42022,17810,1710962286,417546243,crazy08/base_link,50661.0,41403.0,44253.0,37847.0
1710962286.4288824,17811,1710962286,426328804,crazy08/base_link,48910.0,40764.0,45876.0,38614.0
1710962286.4393432,17812,1710962286,436792238,crazy08/base_link,47481.0,39669.0,46821.0,40193.0
1710962286.4499722,17813,1710962286,447366932,crazy08/base_link,46470.0,40902.0,47820.0,38972.0
1710962286.4588363,17814,1710962286,456291127,crazy08/base_link,45620.0,39380.0,47934.0,41230.0
1710962286.46966,17815,1710962286,467081305,crazy08/base_link,37276.0,38702.0,56298.0,40980.0
1710962286.4785955,17816,1710962286,475991871,crazy08/base_link,43975.0,39935.0,48689.0,40657.0
1710962286.4899013,17817,1710962286,487387654,crazy08/base_link,46498.0,40344.0,46860.0,39554.0
1710962286.4986148,17818,1710962286,496006188,crazy08/base_link,47874.0,41026.0,44544.0,39812.0
1710962286.5089145,17819,1710962286,506340433,crazy08/base_link,49714.0,41136.0,43482.0,38924.0
1710962286.519827,17820,1710962286,517276244,crazy08/base_link,50672.0,40902.0,42300.0,39382.0
1710962286.5293946,17821,1710962286,526773403,crazy08/base_link,63243.0,43947.0,30709.0,35953.0
1710962286.5395947,17822,1710962286,537062763,crazy08/base_link,52777.0,41105.0,41001.0,38969.0
1710962286.548234,17823,1710962286,545668602,crazy08/base_link,51749.0,40535.0,42569.0,38999.0
1710962286.559196,17824,1710962286,556635397,crazy08/base_link,50465.0,39543.0,44067.0,39777.0
1710962286.5699475,17825,1710962286,567406244,crazy08/base_link,48043.0,39329.0,46335.0,40145.0
1710962286.5787983,17826,1710962286,576157641,crazy08/base_link,47403.0,38395.0,46593.0,40941.0
1710962286.589735,17827,1710962286,587145037,crazy08/base_link,44724.0,39056.0,49094.0,40458.0
1710962286.598705,17828,1710962286,595839809,crazy08/base_link,43069.0,39687.0,50633.0,39943.0
1710962286.6099758,17829,1710962286,607128063,crazy08/base_link,43381.0,39453.0,50481.0,40017.0
1710962286.6205695,17830,1710962286,618064750,crazy08/base_link,42689.0,40919.0,50939.0,38785.0
1710962286.6297586,17831,1710962286,627164043,crazy08/base_link,43987.0,40525.0,49381.0,39111.0
1710962286.6385238,17832,1710962286,635964859,crazy08/base_link,45534.0,40450.0,47296.0,39724.0
1710962286.6492987,17833,1710962286,646743794,crazy08/base_link,48588.0,40916.0,44508.0,38992.0
1710962286.6597538,17834,1710962286,657193369,crazy08/base_link,49568.0,41596.0,43094.0,38746.0
1710962286.6689668,17835,1710962286,666180252,crazy08/base_link,51328.0,40828.0,41798.0,39050.0
1710962286.6796112,17836,1710962286,677048298,crazy08/base_link,52701.0,40671.0,40099.0,39533.0
1710962286.6887078,17837,1710962286,686154306,crazy08/base_link,52804.0,40712.0,40508.0,38980.0
1710962286.6991832,17838,1710962286,696650123,crazy08/base_link,52459.0,40161.0,40405.0,39979.0
1710962286.7097156,17839,1710962286,707267226,crazy08/base_link,51124.0,39348.0,42316.0,40216.0
1710962286.718907,17840,1710962286,716344144,crazy08/base_link,50138.0,40088.0,42598.0,40272.0
1710962286.7296102,17841,1710962286,727107133,crazy08/base_link,48590.0,39684.0,44540.0,40282.0
1710962286.7385778,17842,1710962286,735901144,crazy08/base_link,46158.0,40248.0,46492.0,40198.0
1710962286.749195,17843,1710962286,746645100,crazy08/base_link,45961.0,40383.0,46969.0,39783.0
1710962286.7602208,17844,1710962286,757685438,crazy08/base_link,43392.0,40628.0,48626.0,40450.0
1710962286.7687316,17845,1710962286,766228640,crazy08/base_link,44499.0,41045.0,48199.0,39589.0
1710962286.7795033,17846,1710962286,776969822,crazy08/base_link,43507.0,42157.0,48565.0,39103.0
1710962286.7888064,17847,1710962286,786250780,crazy08/base_link,45398.0,41492.0,47226.0,39216.0
1710962286.7994454,17848,1710962286,796797083,crazy08/base_link,46008.0,41810.0,45716.0,39798.0
1710962286.808677,17849,1710962286,806129459,crazy08/base_link,46140.0,42064.0,45884.0,38768.0
1710962286.8193443,17850,1710962286,816733172,crazy08/base_link,47079.0,41877.0,44017.0,39883.0
1710962286.8280144,17851,1710962286,825419268,crazy08/base_link,48513.0,40983.0,43319.0,40041.0
1710962286.8399553,17852,1710962286,837367121,crazy08/base_link,48760.0,40944.0,42156.0,40996.0
1710962286.8493302,17853,1710962286,846780439,crazy08/base_link,49015.0,41129.0,42715.0,39997.0
1710962286.8582609,17854,1710962286,855576485,crazy08/base_link,48425.0,41217.0,42633.0,40581.0
1710962286.869401,17855,1710962286,866862789,crazy08/base_link,49851.0,39513.0,41861.0,41631.0
1710962286.8783498,17856,1710962286,875670166,crazy08/base_link,47494.0,41796.0,43068.0,40498.0
1710962286.9013546,17857,1710962286,898736346,crazy08/base_link,47682.0,40394.0,43550.0,40842.0
1710962286.9059196,17858,1710962286,903357903,crazy08/base_link,46790.0,41556.0,43720.0,40402.0
1710962286.9196246,17859,1710962286,917067852,crazy08/base_link,45609.0,41525.0,45323.0,40011.0
1710962286.928283,17860,1710962286,925678803,crazy08/base_link,45503.0,41697.0,45687.0,39581.0
1710962286.9387057,17861,1710962286,936116811,crazy08/base_link,45702.0,41150.0,44388.0,41228.0
1710962286.9496596,17862,1710962286,947102115,crazy08/base_link,45453.0,41033.0,45479.0,40583.0
1710962286.9583755,17863,1710962286,955801813,crazy08/base_link,45279.0,42305.0,44749.0,40215.0
1710962286.968811,17864,1710962286,966281181,crazy08/base_link,46898.0,40858.0,43822.0,40970.0
1710962286.979497,17865,1710962286,976961541,crazy08/base_link,47089.0,41561.0,42979.0,40919.0
1710962286.9894,17866,1710962286,986822797,crazy08/base_link,47874.0,42066.0,43108.0,39500.0
1710962286.9978988,17867,1710962286,995303730,crazy08/base_link,47979.0,42747.0,42131.0,39547.0
1710962287.0088086,17868,1710962287,6177134,crazy08/base_link,48786.0,41920.0,42124.0,39574.0
1710962287.0193079,17869,1710962287,16736843,crazy08/base_link,48495.0,40681.0,42159.0,41069.0
1710962287.027926,17870,1710962287,25385380,crazy08/base_link,48306.0,40482.0,42978.0,40638.0
1710962287.0385652,17871,1710962287,36015128,crazy08/base_link,47324.0,39706.0,43694.0,41680.0
1710962287.0491586,17872,1710962287,46647485,crazy08/base_link,47420.0,40142.0,43710.0,41132.0
1710962287.0584104,17873,1710962287,55870469,crazy08/base_link,42437.0,38817.0,48581.0,42861.0
1710962287.0686736,17874,1710962287,66122964,crazy08/base_link,46270.0,40306.0,45022.0,41098.0
1710962287.0793796,17875,1710962287,76822156,crazy08/base_link,45965.0,40607.0,45359.0,40765.0
1710962287.0885706,17876,1710962287,85941840,crazy08/base_link,46791.0,40705.0,44647.0,40553.0
1710962287.099633,17877,1710962287,97100830,crazy08/base_link,46530.0,41124.0,45282.0,39760.0
1710962287.1086698,17878,1710962287,105956175,crazy08/base_link,46890.0,41606.0,44838.0,39218.0
1710962287.1192048,17879,1710962287,116619575,crazy08/base_link,47308.0,42604.0,44420.0,38220.0
1710962287.1280715,17880,1710962287,125468344,crazy08/base_link,48012.0,42064.0,43534.0,38942.0
1710962287.1387274,17881,1710962287,136139119,crazy08/base_link,48704.0,42706.0,42750.0,38392.0
1710962287.1488867,17882,1710962287,146294349,crazy08/base_link,48800.0,41314.0,42528.0,39910.0
1710962287.159672,17883,1710962287,157091968,crazy08/base_link,48246.0,42096.0,42958.0,39252.0
1710962287.1673448,17884,1710962287,164806403,crazy08/base_link,48905.0,41303.0,42521.0,39823.0
1710962287.1787877,17885,1710962287,176250899,crazy08/base_link,47908.0,40248.0,43410.0,40802.0
1710962287.188068,17886,1710962287,185475820,crazy08/base_link,48055.0,40709.0,43401.0,40203.0
1710962287.1984818,17887,1710962287,195962225,crazy08/base_link,47519.0,40095.0,44335.0,40419.0
1710962287.2091918,17888,1710962287,206686483,crazy08/base_link,46943.0,40569.0,44747.0,40109.0
1710962287.2178483,17889,1710962287,215301267,crazy08/base_link,46662.0,41118.0,44958.0,39630.0
1710962287.2287748,17890,1710962287,226249179,crazy08/base_link,46714.0,39968.0,44856.0,40830.0
1710962287.241716,17891,1710962287,239046231,crazy08/base_link,46682.0,40752.0,44980.0,39954.0
1710962287.2479243,17892,1710962287,245336894,crazy08/base_link,45912.0,41208.0,45602.0,39570.0
1710962287.2584867,17893,1710962287,255827256,crazy08/base_link,45541.0,41121.0,45875.0,39755.0
1710962287.269587,17894,1710962287,266986040,crazy08/base_link,46175.0,41059.0,45219.0,39839.0
1710962287.2785306,17895,1710962287,275836716,crazy08/base_link,46425.0,40671.0,44675.0,40521.0
1710962287.290436,17896,1710962287,287908080,crazy08/base_link,46728.0,41472.0,44524.0,39568.0
1710962287.2990675,17897,1710962287,296472762,crazy08/base_link,47332.0,40368.0,43972.0,40520.0
1710962287.3089259,17898,1710962287,306234071,crazy08/base_link,47650.0,39834.0,43798.0,40910.0
1710962287.3181121,17899,1710962287,315280948,crazy08/base_link,47620.0,39368.0,43876.0,41328.0
1710962287.3287203,17900,1710962287,326130627,crazy08/base_link,47304.0,40128.0,44142.0,40618.0
1710962287.3377643,17901,1710962287,335223475,crazy08/base_link,45833.0,39997.0,45415.0,40867.0
1710962287.3484688,17902,1710962287,345938196,crazy08/base_link,46915.0,40551.0,44363.0,40283.0
1710962287.3591032,17903,1710962287,356592981,crazy08/base_link,45996.0,42050.0,45430.0,38636.0
1710962287.3676057,17904,1710962287,365051180,crazy08/base_link,46214.0,41770.0,45160.0,38968.0
1710962287.3778074,17905,1710962287,375236318,crazy08/base_link,46180.0,41850.0,45064.0,39018.0
1710962287.3887763,17906,1710962287,386232801,crazy08/base_link,46275.0,41673.0,44993.0,39223.0
1710962287.3995357,17907,1710962287,397003313,crazy08/base_link,46132.0,41506.0,45090.0,39436.0
1710962287.4079955,17908,1710962287,405490598,crazy08/base_link,46048.0,41190.0,45138.0,39788.0
1710962287.418619,17909,1710962287,416048167,crazy08/base_link,46399.0,40757.0,44713.0,40295.0
1710962287.4275596,17910,1710962287,425019999,crazy08/base_link,46357.0,40429.0,44907.0,40471.0
1710962287.4382408,17911,1710962287,435640370,crazy08/base_link,46172.0,39060.0,45086.0,41846.0
1710962287.4488626,17912,1710962287,446342009,crazy08/base_link,45683.0,40143.0,45733.0,40605.0
1710962287.4576318,17913,1710962287,455038600,crazy08/base_link,46324.0,39922.0,45254.0,40664.0
1710962287.4683223,17914,1710962287,465763634,crazy08/base_link,45386.0,39898.0,45852.0,40416.0
1710962287.4790406,17915,1710962287,476434797,crazy08/base_link,46167.0,39967.0,45073.0,40345.0
1710962287.4888456,17916,1710962287,486308280,crazy08/base_link,46043.0,40637.0,44971.0,39901.0
1710962287.4976141,17917,1710962287,495072465,crazy08/base_link,46750.0,41146.0,44054.0,39602.0
1710962287.5072608,17918,1710962287,504668291,crazy08/base_link,47072.0,41456.0,43892.0,39132.0
1710962287.518913,17919,1710962287,516384637,crazy08/base_link,47483.0,41471.0,43267.0,39087.0
1710962287.529715,17920,1710962287,527143412,crazy08/base_link,46731.0,41259.0,43743.0,39575.0
1710962287.5384846,17921,1710962287,535938793,crazy08/base_link,46784.0,40976.0,43252.0,40296.0
1710962287.5493422,17922,1710962287,546734406,crazy08/base_link,46356.0,40274.0,44056.0,40622.0
1710962287.5582552,17923,1710962287,555531985,crazy08/base_link,45115.0,41043.0,45135.0,40015.0
1710962287.5678897,17924,1710962287,565372282,crazy08/base_link,45917.0,39855.0,44671.0,40865.0
1710962287.5782828,17925,1710962287,575660945,crazy08/base_link,44103.0,39461.0,45629.0,41479.0
1710962287.5879872,17926,1710962287,585413499,crazy08/base_link,44149.0,39943.0,45787.0,40793.0
1710962287.5989494,17927,1710962287,596074031,crazy08/base_link,43937.0,39765.0,45411.0,41559.0
1710962287.6078808,17928,1710962287,605334256,crazy08/base_link,44273.0,40127.0,45425.0,40847.0
1710962287.6185625,17929,1710962287,615994752,crazy08/base_link,44203.0,40419.0,44621.0,41429.0
1710962287.6292827,17930,1710962287,626715210,crazy08/base_link,45634.0,40116.0,43838.0,41084.0
1710962287.6389647,17931,1710962287,636274662,crazy08/base_link,46162.0,40790.0,42896.0,40824.0
1710962287.6478353,17932,1710962287,645287074,crazy08/base_link,45174.0,39230.0,44084.0,41728.0
1710962287.6593096,17933,1710962287,656151570,crazy08/base_link,46873.0,40781.0,41861.0,40701.0
1710962287.6679256,17934,1710962287,665359535,crazy08/base_link,46739.0,40619.0,42595.0,40263.0
1710962287.6786735,17935,1710962287,676118873,crazy08/base_link,46530.0,40884.0,42306.0,40496.0
1710962287.6873617,17936,1710962287,684860219,crazy08/base_link,46043.0,41235.0,43033.0,39905.0
1710962287.7075806,17937,1710962287,705035528,crazy08/base_link,44659.0,41143.0,44141.0,40501.0
1710962287.7186036,17938,1710962287,716057943,crazy08/base_link,44434.0,41246.0,43582.0,41182.0
1710962287.7286599,17939,1710962287,726130754,crazy08/base_link,44089.0,40965.0,44933.0,40457.0
1710962287.7377212,17940,1710962287,735132154,crazy08/base_link,38874.0,39408.0,48500.0,41842.0
1710962287.74821,17941,1710962287,745666174,crazy08/base_link,43205.0,40667.0,44731.0,40021.0
1710962287.7587688,17942,1710962287,756230682,crazy08/base_link,43393.0,41465.0,43923.0,39843.0
1710962287.7688527,17943,1710962287,766272529,crazy08/base_link,44392.0,40564.0,43136.0,40532.0
1710962287.7778535,17944,1710962287,775244223,crazy08/base_link,44246.0,41726.0,42544.0,40108.0
1710962287.7892497,17945,1710962287,786707262,crazy08/base_link,46560.0,41564.0,41716.0,39828.0
1710962287.7978983,17946,1710962287,795338489,crazy08/base_link,45496.0,41156.0,42234.0,40782.0
1710962287.8084123,17947,1710962287,805895865,crazy08/base_link,45185.0,42299.0,43169.0,39015.0
1710962287.819235,17948,1710962287,816688850,crazy08/base_link,45525.0,41115.0,42137.0,40891.0
1710962287.8279243,17949,1710962287,825402516,crazy08/base_link,44502.0,42192.0,43808.0,39166.0
1710962287.838566,17950,1710962287,835989624,crazy08/base_link,44087.0,42529.0,43755.0,39297.0
1710962287.849313,17951,1710962287,846726548,crazy08/base_link,44234.0,41474.0,43738.0,40222.0
1710962287.8580656,17952,1710962287,855512519,crazy08/base_link,43177.0,41347.0,43679.0,40817.0
1710962287.868618,17953,1710962287,866081371,crazy08/base_link,43855.0,41339.0,43459.0,40367.0
1710962287.8790543,17954,1710962287,876507981,crazy08/base_link,43684.0,41876.0,43090.0,40370.0
1710962287.8887277,17955,1710962287,886173377,crazy08/base_link,44306.0,42482.0,43136.0,39096.0
1710962287.8968081,17956,1710962287,894271230,crazy08/base_link,44331.0,41179.0,42745.0,40765.0
1710962287.9190776,17957,1710962287,916438661,crazy08/base_link,44435.0,41143.0,42197.0,40897.0
1710962287.928175,17958,1710962287,925567388,crazy08/base_link,45334.0,41982.0,41542.0,39814.0
1710962287.9386306,17959,1710962287,936092593,crazy08/base_link,45436.0,41460.0,41420.0,40356.0
1710962287.947889,17960,1710962287,945327160,crazy08/base_link,46438.0,42590.0,41462.0,39126.0
1710962287.9589388,17961,1710962287,956404300,crazy08/base_link,44948.0,43164.0,42736.0,38768.0
1710962287.968146,17962,1710962287,965618303,crazy08/base_link,44519.0,40407.0,43369.0,41321.0
1710962287.978643,17963,1710962287,975975017,crazy08/base_link,44338.0,40270.0,43352.0,41656.0
1710962287.987658,17964,1710962287,985154351,crazy08/base_link,44393.0,40703.0,43555.0,40965.0
1710962287.9987707,17965,1710962287,996224448,crazy08/base_link,43402.0,40956.0,43970.0,40768.0
1710962288.0072405,17966,1710962288,4728276,crazy08/base_link,43709.0,40195.0,43629.0,41563.0
1710962288.018708,17967,1710962288,16019637,crazy08/base_link,44250.0,39836.0,42616.0,42394.0
1710962288.0290697,17968,1710962288,26510575,crazy08/base_link,44608.0,40260.0,42574.0,41654.0
1710962288.0382645,17969,1710962288,35618520,crazy08/base_link,44957.0,39967.0,41949.0,42223.0
1710962288.048685,17970,1710962288,46157511,crazy08/base_link,45200.0,41516.0,42598.0,40422.0
1710962288.0573156,17971,1710962288,54798779,crazy08/base_link,44179.0,42643.0,43745.0,39169.0
1710962288.0680134,17972,1710962288,65434279,crazy08/base_link,44881.0,40967.0,43071.0,40817.0
1710962288.078928,17973,1710962288,76321178,crazy08/base_link,45478.0,40896.0,42572.0,40790.0
1710962288.0882642,17974,1710962288,85706524,crazy08/base_link,44865.0,42573.0,42919.0,39379.0
1710962288.098958,17975,1710962288,96394725,crazy08/base_link,45329.0,41165.0,42463.0,40779.0
1710962288.1080365,17976,1710962288,105434589,crazy08/base_link,44704.0,41590.0,42940.0,40502.0
1710962288.1190827,17977,1710962288,116132838,crazy08/base_link,43993.0,42385.0,43745.0,39613.0
1710962288.1273866,17978,1710962288,124865008,crazy08/base_link,44433.0,40805.0,43429.0,41069.0
1710962288.1390994,17979,1710962288,136005666,crazy08/base_link,44487.0,43335.0,43289.0,38953.0
1710962288.1475692,17980,1710962288,144930039,crazy08/base_link,43946.0,41720.0,43978.0,40420.0
1710962288.158359,17981,1710962288,155790206,crazy08/base_link,43896.0,42514.0,43958.0,39696.0
1710962288.1688378,17982,1710962288,166252542,crazy08/base_link,44020.0,42716.0,43862.0,39466.0
1710962288.180074,17983,1710962288,177544482,crazy08/base_link,44220.0,41592.0,43642.0,40610.0
1710962288.1901205,17984,1710962288,187492654,crazy08/base_link,44818.0,41622.0,43252.0,40552.0
1710962288.1988258,17985,1710962288,196112612,crazy08/base_link,45298.0,41490.0,42546.0,40910.0
1710962288.2080126,17986,1710962288,205135574,crazy08/base_link,45499.0,41469.0,42381.0,40895.0
1710962288.218762,17987,1710962288,216015046,crazy08/base_link,44877.0,40955.0,43041.0,41371.0
1710962288.2273533,17988,1710962288,224836412,crazy08/base_link,41889.0,41345.0,45925.0,40913.0
1710962288.2386603,17989,1710962288,235404933,crazy08/base_link,44280.0,41656.0,43182.0,40954.0
1710962288.2477076,17990,1710962288,245207285,crazy08/base_link,44081.0,41613.0,43493.0,40885.0
1710962288.2598166,17991,1710962288,255805927,crazy08/base_link,43149.0,42625.0,44147.0,40151.0
1710962288.2671454,17992,1710962288,264633421,crazy08/base_link,43834.0,41774.0,43548.0,40916.0
1710962288.2781565,17993,1710962288,275539296,crazy08/base_link,44056.0,43530.0,42688.0,39554.0
1710962288.2881358,17994,1710962288,285545331,crazy08/base_link,44094.0,42372.0,42894.0,40468.0
1710962288.2987375,17995,1710962288,296127725,crazy08/base_link,44165.0,41657.0,42369.0,41637.0
1710962288.3072057,17996,1710962288,304613610,crazy08/base_link,45014.0,40992.0,42070.0,41752.0
1710962288.3182955,17997,1710962288,315534501,crazy08/base_link,44371.0,41297.0,42577.0,41583.0
1710962288.3268707,17998,1710962288,324318588,crazy08/base_link,44098.0,41996.0,42930.0,40844.0
1710962288.337708,17999,1710962288,334966867,crazy08/base_link,43569.0,41699.0,43225.0,41375.0
1710962288.3480315,18000,1710962288,345369113,crazy08/base_link,44276.0,42002.0,42766.0,40824.0
1710962288.3587399,18001,1710962288,356184724,crazy08/base_link,44443.0,42231.0,42547.0,40647.0
1710962288.367327,18002,1710962288,364788519,crazy08/base_link,44287.0,42067.0,42825.0,40689.0
1710962288.3778808,18003,1710962288,375346228,crazy08/base_link,44518.0,42620.0,42318.0,40412.0
1710962288.3875935,18004,1710962288,385061179,crazy08/base_link,46363.0,43583.0,40795.0,39227.0
1710962288.3979862,18005,1710962288,395446495,crazy08/base_link,45058.0,42978.0,41874.0,40058.0
1710962288.407842,18006,1710962288,405311185,crazy08/base_link,45277.0,43161.0,41723.0,39807.0
1710962288.4187028,18007,1710962288,416107570,crazy08/base_link,45190.0,42812.0,41432.0,40534.0
1710962288.4277036,18008,1710962288,425062493,crazy08/base_link,44596.0,42798.0,42356.0,40218.0
1710962288.4386256,18009,1710962288,436081128,crazy08/base_link,43935.0,43429.0,43075.0,39845.0
1710962288.4472988,18010,1710962288,444776414,crazy08/base_link,44010.0,42920.0,43148.0,40206.0
1710962288.4575832,18011,1710962288,455044361,crazy08/base_link,43112.0,44094.0,43182.0,39896.0
1710962288.4679873,18012,1710962288,465449982,crazy08/base_link,43655.0,43697.0,43143.0,39789.0
1710962288.479233,18013,1710962288,476687949,crazy08/base_link,43376.0,43740.0,43240.0,39928.0
1710962288.4883242,18014,1710962288,485827580,crazy08/base_link,44276.0,42424.0,42644.0,40972.0
1710962288.4970002,18015,1710962288,494486985,crazy08/base_link,44399.0,42409.0,42277.0,41231.0
1710962288.5077357,18016,1710962288,505117310,crazy08/base_link,44669.0,42059.0,42341.0,41247.0
1710962288.5184302,18017,1710962288,515843551,crazy08/base_link,44849.0,42811.0,41867.0,40789.0
1710962288.5277977,18018,1710962288,525238426,crazy08/base_link,45193.0,42271.0,41593.0,40991.0
1710962288.5373864,18019,1710962288,534845368,crazy08/base_link,44830.0,41834.0,41918.0,41466.0
1710962288.5476363,18020,1710962288,545084037,crazy08/base_link,45117.0,41005.0,41665.0,42261.0
1710962288.5580864,18021,1710962288,555488599,crazy08/base_link,44586.0,41802.0,42140.0,41520.0
1710962288.5668817,18022,1710962288,564253203,crazy08/base_link,44341.0,41451.0,42531.0,41725.0
1710962288.5781333,18023,1710962288,575394526,crazy08/base_link,45573.0,41881.0,41707.0,40983.0
1710962288.5877128,18024,1710962288,585157401,crazy08/base_link,43395.0,42927.0,43743.0,40079.0
1710962288.5988731,18025,1710962288,596302671,crazy08/base_link,43293.0,42281.0,44165.0,40405.0
1710962288.6084092,18026,1710962288,605834254,crazy08/base_link,44189.0,41853.0,43079.0,41023.0
1710962288.616837,18027,1710962288,614275524,crazy08/base_link,43191.0,42381.0,44211.0,40361.0
1710962288.6275115,18028,1710962288,624812869,crazy08/base_link,43755.0,43847.0,43409.0,39133.0
1710962288.6387458,18029,1710962288,636165088,crazy08/base_link,43543.0,43521.0,43569.0,39511.0
1710962288.6473665,18030,1710962288,644825180,crazy08/base_link,45338.0,41216.0,41560.0,42030.0
1710962288.657798,18031,1710962288,655272534,crazy08/base_link,44976.0,41970.0,41760.0,41438.0
1710962288.6668203,18032,1710962288,664295218,crazy08/base_link,47297.0,41609.0,39195.0,41975.0
1710962288.6776333,18033,1710962288,674761101,crazy08/base_link,45651.0,41907.0,40547.0,41971.0
1710962288.6886067,18034,1710962288,686009012,crazy08/base_link,45744.0,41798.0,40836.0,41698.0
1710962288.6971135,18035,1710962288,694551343,crazy08/base_link,44995.0,41955.0,41207.0,41919.0
1710962288.7088168,18036,1710962288,705316862,crazy08/base_link,44159.0,41669.0,42487.0,41761.0
1710962288.716949,18037,1710962288,714402613,crazy08/base_link,44246.0,40392.0,42298.0,43140.0
1710962288.7277694,18038,1710962288,725192164,crazy08/base_link,44206.0,41666.0,42308.0,41896.0
1710962288.7384024,18039,1710962288,735879981,crazy08/base_link,43448.0,40386.0,43088.0,43154.0
1710962288.746807,18040,1710962288,744301201,crazy08/base_link,43111.0,41785.0,43303.0,41877.0
1710962288.757629,18041,1710962288,754897044,crazy08/base_link,43006.0,41944.0,43570.0,41556.0
1710962288.7686198,18042,1710962288,765862682,crazy08/base_link,43652.0,42070.0,43326.0,41632.0
1710962288.7771525,18043,1710962288,774604139,crazy08/base_link,43760.0,42174.0,43292.0,41454.0
1710962288.7882683,18044,1710962288,785702475,crazy08/base_link,43839.0,41059.0,43323.0,42459.0
1710962288.7968686,18045,1710962288,794339143,crazy08/base_link,43687.0,41721.0,43289.0,41983.0
1710962288.8067088,18046,1710962288,804161354,crazy08/base_link,44704.0,42580.0,42198.0,41198.0
1710962288.8188844,18047,1710962288,816315781,crazy08/base_link,44336.0,43912.0,42822.0,39818.0
1710962288.8275309,18048,1710962288,825001456,crazy08/base_link,44379.0,43551.0,42941.0,40017.0
1710962288.8386552,18049,1710962288,836075802,crazy08/base_link,45070.0,43040.0,42086.0,40692.0
1710962288.847592,18050,1710962288,844685180,crazy08/base_link,44956.0,42206.0,42402.0,41324.0
1710962288.8585184,18051,1710962288,855901290,crazy08/base_link,46311.0,41711.0,41423.0,41975.0
1710962288.8669531,18052,1710962288,864416405,crazy08/base_link,46592.0,41836.0,41562.0,41430.0
1710962288.8777006,18053,1710962288,875133459,crazy08/base_link,45763.0,41791.0,42203.0,41663.0
1710962288.886794,18054,1710962288,884260570,crazy08/base_link,46579.0,42651.0,42107.0,40083.0
1710962288.8974977,18055,1710962288,894981362,crazy08/base_link,45329.0,42499.0,42657.0,40935.0
1710962288.9067068,18056,1710962288,904134202,crazy08/base_link,45614.0,41870.0,42654.0,41126.0
1710962288.9174252,18057,1710962288,914854981,crazy08/base_link,45365.0,40901.0,42763.0,42235.0
1710962288.9279819,18058,1710962288,925444913,crazy08/base_link,44961.0,41653.0,43515.0,41135.0
1710962288.9366982,18059,1710962288,934155026,crazy08/base_link,44866.0,41536.0,43012.0,41850.0
1710962288.947223,18060,1710962288,944699660,crazy08/base_link,44542.0,42050.0,43988.0,40684.0
1710962288.9578664,18061,1710962288,955251536,crazy08/base_link,44767.0,42437.0,43413.0,40647.0
1710962288.9675162,18062,1710962288,964904365,crazy08/base_link,44611.0,42603.0,43861.0,40189.0
1710962288.9773614,18063,1710962288,974847442,crazy08/base_link,44873.0,42567.0,43259.0,40537.0
1710962288.9866917,18064,1710962288,984154877,crazy08/base_link,45389.0,42767.0,42711.0,40369.0
1710962288.9975584,18065,1710962288,994969402,crazy08/base_link,45920.0,42290.0,41732.0,41294.0
1710962289.0078976,18066,1710962289,5356087,crazy08/base_link,46679.0,41511.0,40749.0,42297.0
1710962289.0159316,18067,1710962289,13323699,crazy08/base_link,45778.0,42138.0,41928.0,41392.0
1710962289.0273726,18068,1710962289,24739079,crazy08/base_link,46324.0,41460.0,41552.0,42460.0
1710962289.0378933,18069,1710962289,35318465,crazy08/base_link,45800.0,41028.0,42144.0,42824.0
1710962289.046771,18070,1710962289,44128042,crazy08/base_link,45663.0,41399.0,42277.0,42457.0
1710962289.0573044,18071,1710962289,54705637,crazy08/base_link,44385.0,41017.0,43727.0,42667.0
1710962289.0676436,18072,1710962289,65127741,crazy08/base_link,44724.0,41180.0,43428.0,42464.0
1710962289.0764425,18073,1710962289,73860784,crazy08/base_link,43536.0,42376.0,44596.0,41288.0
1710962289.0877712,18074,1710962289,85147056,crazy08/base_link,43873.0,42183.0,44307.0,41433.0
1710962289.0963771,18075,1710962289,93840508,crazy08/base_link,43438.0,42064.0,43916.0,41126.0
1710962289.1069114,18076,1710962289,104330329,crazy08/base_link,43485.0,41567.0,43935.0,41557.0
1710962289.1176853,18077,1710962289,115141865,crazy08/base_link,43823.0,42831.0,43287.0,40603.0
1710962289.1280746,18078,1710962289,125550014,crazy08/base_link,44334.0,43414.0,42592.0,40204.0
1710962289.1366935,18079,1710962289,134161077,crazy08/base_link,44499.0,43621.0,42361.0,40063.0
1710962289.1477475,18080,1710962289,145165537,crazy08/base_link,46074.0,43306.0,40798.0,40502.0
1710962289.15666,18081,1710962289,154122906,crazy08/base_link,45962.0,43414.0,41134.0,40170.0
1710962289.1676142,18082,1710962289,165079456,crazy08/base_link,47012.0,41510.0,40156.0,42002.0
1710962289.178974,18083,1710962289,175331454,crazy08/base_link,46251.0,42095.0,40955.0,41379.0
1710962289.18711,18084,1710962289,184578725,crazy08/base_link,46072.0,42340.0,41672.0,40596.0
1710962289.197966,18085,1710962289,195385947,crazy08/base_link,44820.0,42584.0,42526.0,40518.0
1710962289.207048,18086,1710962289,204522620,crazy08/base_link,45425.0,35651.0,37059.0,41357.0
1710962289.2190855,18087,1710962289,216562648,crazy08/base_link,42475.0,38845.0,39635.0,38537.0
1710962289.2276986,18088,1710962289,225163941,crazy08/base_link,41573.0,39225.0,41051.0,37407.0
1710962289.2369385,18089,1710962289,234362884,crazy08/base_link,44146.0,36440.0,38294.0,41116.0
1710962289.2466571,18090,1710962289,244124871,crazy08/base_link,41838.0,38086.0,41086.0,39494.0
1710962289.2578738,18091,1710962289,255325866,crazy08/base_link,41361.0,38495.0,41031.0,39617.0
1710962289.266825,18092,1710962289,264274825,crazy08/base_link,40354.0,40358.0,42084.0,37400.0
1710962289.2777824,18093,1710962289,275254081,crazy08/base_link,41009.0,40871.0,40935.0,36493.0
1710962289.2881992,18094,1710962289,284321856,crazy08/base_link,41735.0,40045.0,40687.0,36841.0
1710962289.2967556,18095,1710962289,294201437,crazy08/base_link,43498.0,38604.0,38856.0,38902.0
1710962289.306494,18096,1710962289,303950818,crazy08/base_link,43954.0,38858.0,39114.0,37934.0
1710962289.3174336,18097,1710962289,314857500,crazy08/base_link,43006.0,40020.0,39494.0,37496.0
1710962289.3286667,18098,1710962289,325729724,crazy08/base_link,44184.0,38770.0,39362.0,38248.0
1710962289.3380382,18099,1710962289,334975732,crazy08/base_link,43247.0,38709.0,40029.0,38579.0
1710962289.3489394,18100,1710962289,346271957,crazy08/base_link,43666.0,38488.0,40106.0,38304.0
1710962289.3581126,18101,1710962289,355135853,crazy08/base_link,42552.0,38936.0,40652.0,38012.0
1710962289.369272,18102,1710962289,366155240,crazy08/base_link,42881.0,38195.0,40791.0,38285.0
1710962289.3781238,18103,1710962289,375157596,crazy08/base_link,42810.0,38102.0,40332.0,38408.0
1710962289.3877594,18104,1710962289,384798043,crazy08/base_link,40756.0,38062.0,42838.0,37072.0
1710962289.3987937,18105,1710962289,395565228,crazy08/base_link,42517.0,38433.0,40109.0,37669.0
1710962289.4071991,18106,1710962289,404296194,crazy08/base_link,43367.0,37131.0,39813.0,38753.0
1710962289.4183521,18107,1710962289,415264816,crazy08/base_link,43790.0,36676.0,39404.0,39586.0
1710962289.4279964,18108,1710962289,425051253,crazy08/base_link,43172.0,37590.0,40850.0,37844.0
1710962289.4366002,18109,1710962289,433721630,crazy08/base_link,43175.0,37369.0,39879.0,38421.0
1710962289.4473875,18110,1710962289,444508598,crazy08/base_link,42282.0,37798.0,40556.0,36764.0
1710962289.4580886,18111,1710962289,455284497,crazy08/base_link,42020.0,37646.0,40278.0,37456.0
1710962289.4666498,18112,1710962289,463879171,crazy08/base_link,43494.0,38126.0,40040.0,37008.0
1710962289.4772353,18113,1710962289,474472820,crazy08/base_link,41269.0,38865.0,41427.0,36751.0
1710962289.4885755,18114,1710962289,485916387,crazy08/base_link,42663.0,37633.0,40379.0,37637.0
1710962289.4973965,18115,1710962289,494568518,crazy08/base_link,41700.0,39498.0,40794.0,35864.0
1710962289.5080888,18116,1710962289,505417463,crazy08/base_link,42878.0,36770.0,39590.0,38770.0
1710962289.516844,18117,1710962289,514184483,crazy08/base_link,42549.0,38065.0,39617.0,37777.0
1710962289.5287826,18118,1710962289,526058441,crazy08/base_link,41622.0,38216.0,39336.0,36314.0
1710962289.5380719,18119,1710962289,535272828,crazy08/base_link,42225.0,37547.0,40111.0,38377.0
1710962289.546705,18120,1710962289,543986443,crazy08/base_link,42727.0,37673.0,39907.0,37953.0
1710962289.5577667,18121,1710962289,554825767,crazy08/base_link,42396.0,38112.0,40082.0,37446.0
1710962289.5667179,18122,1710962289,564033895,crazy08/base_link,42738.0,37692.0,39882.0,37724.0
1710962289.5777123,18123,1710962289,574918150,crazy08/base_link,42148.0,36654.0,38624.0,37254.0
1710962289.5861945,18124,1710962289,583428059,crazy08/base_link,41986.0,36856.0,38998.0,36840.0
1710962289.598387,18125,1710962289,595225962,crazy08/base_link,42887.0,37551.0,39007.0,37479.0
1710962289.607233,18126,1710962289,604365178,crazy08/base_link,42029.0,38835.0,40529.0,36735.0
1710962289.6178427,18127,1710962289,615039574,crazy08/base_link,43116.0,37654.0,39442.0,37916.0
1710962289.6267478,18128,1710962289,623952859,crazy08/base_link,41870.0,37758.0,39212.0,36144.0
1710962289.637747,18129,1710962289,634928621,crazy08/base_link,43144.0,38242.0,39076.0,37162.0
1710962289.6465175,18130,1710962289,643384122,crazy08/base_link,43159.0,37935.0,39279.0,37251.0
1710962289.657008,18131,1710962289,654240764,crazy08/base_link,42516.0,38502.0,39286.0,36576.0
1710962289.6676707,18132,1710962289,664736982,crazy08/base_link,42645.0,37965.0,39075.0,37195.0
1710962289.6762757,18133,1710962289,673521893,crazy08/base_link,42084.0,37208.0,39728.0,37860.0
1710962289.6878607,18134,1710962289,685034365,crazy08/base_link,41301.0,37007.0,38487.0,36213.0
1710962289.6971033,18135,1710962289,694086239,crazy08/base_link,41682.0,37188.0,38378.0,36384.0
1710962289.7083132,18136,1710962289,705444274,crazy08/base_link,41526.0,36336.0,38432.0,37338.0
1710962289.717226,18137,1710962289,714203891,crazy08/base_link,41773.0,37615.0,39955.0,37957.0
1710962289.7279906,18138,1710962289,725075806,crazy08/base_link,39565.0,37277.0,42283.0,38375.0
1710962289.7367387,18139,1710962289,733822851,crazy08/base_link,41781.0,37849.0,40029.0,37841.0
1710962289.7479405,18140,1710962289,744972560,crazy08/base_link,41081.0,36377.0,38035.0,37223.0
1710962289.7589977,18141,1710962289,756229586,crazy08/base_link,41491.0,36341.0,38031.0,36853.0
1710962289.7681024,18142,1710962289,765148043,crazy08/base_link,42447.0,37981.0,39513.0,37287.0
1710962289.7770936,18143,1710962289,774373246,crazy08/base_link,40434.0,37408.0,41468.0,37838.0
1710962289.7857811,18144,1710962289,783051303,crazy08/base_link,42937.0,37261.0,38635.0,38315.0
1710962289.7980084,18145,1710962289,794999688,crazy08/base_link,42375.0,36497.0,37571.0,36965.0
1710962289.8067944,18146,1710962289,804127451,crazy08/base_link,42146.0,36948.0,37486.0,36828.0
1710962289.8184495,18147,1710962289,815546976,crazy08/base_link,40383.0,36885.0,38741.0,35367.0
1710962289.8274348,18148,1710962289,824592814,crazy08/base_link,40064.0,36920.0,39134.0,35258.0
1710962289.8378997,18149,1710962289,835176697,crazy08/base_link,41503.0,38477.0,40293.0,36691.0
1710962289.8469758,18150,1710962289,844250750,crazy08/base_link,41813.0,38945.0,39853.0,36353.0
1710962289.8573368,18151,1710962289,854572361,crazy08/base_link,42296.0,37104.0,39126.0,37698.0
1710962289.8671122,18152,1710962289,864434665,crazy08/base_link,42186.0,37606.0,39032.0,37400.0
1710962289.8778286,18153,1710962289,875019998,crazy08/base_link,42958.0,38020.0,38374.0,36700.0
1710962289.887264,18154,1710962289,884511511,crazy08/base_link,40529.0,37083.0,39923.0,36985.0
1710962289.8982146,18155,1710962289,895265753,crazy08/base_link,41196.0,38328.0,38818.0,35150.0
1710962289.9070475,18156,1710962289,904319092,crazy08/base_link,41925.0,37603.0,37881.0,36083.0
1710962289.9175925,18157,1710962289,914885319,crazy08/base_link,41543.0,37637.0,38495.0,35817.0
1710962289.9265141,18158,1710962289,923793110,crazy08/base_link,40598.0,35826.0,37066.0,35150.0
1710962289.938664,18159,1710962289,935864570,crazy08/base_link,41092.0,35916.0,36466.0,35166.0
1710962289.947391,18160,1710962289,944577326,crazy08/base_link,41394.0,38616.0,40330.0,36848.0
1710962289.9577873,18161,1710962289,954983617,crazy08/base_link,41796.0,37350.0,39960.0,38082.0
1710962289.9668796,18162,1710962289,964071405,crazy08/base_link,42117.0,38095.0,39501.0,37475.0
1710962289.9802413,18163,1710962289,977247331,crazy08/base_link,41657.0,35743.0,35597.0,35343.0
1710962289.9879124,18164,1710962289,985086206,crazy08/base_link,40561.0,36305.0,36185.0,35289.0
1710962289.996511,18165,1710962289,993599223,crazy08/base_link,41820.0,38152.0,38894.0,36910.0
1710962290.0071638,18166,1710962290,4404750,crazy08/base_link,41182.0,39438.0,39158.0,37030.0
1710962290.0186527,18167,1710962290,15545367,crazy08/base_link,42065.0,38993.0,38805.0,36945.0
1710962290.0267553,18168,1710962290,23934985,crazy08/base_link,41494.0,38138.0,37278.0,37418.0
1710962290.0368025,18169,1710962290,34099408,crazy08/base_link,40577.0,37021.0,38465.0,37213.0
1710962290.0478635,18170,1710962290,44954366,crazy08/base_link,42154.0,36564.0,36002.0,38568.0
1710962290.0562394,18171,1710962290,53546652,crazy08/base_link,41993.0,37305.0,36699.0,37291.0
1710962290.0671115,18172,1710962290,64352289,crazy08/base_link,39521.0,36337.0,35085.0,35861.0
1710962290.08594,18173,1710962290,82899284,crazy08/base_link,38300.0,37436.0,36360.0,35480.0
1710962290.0972583,18174,1710962290,94288831,crazy08/base_link,40018.0,39658.0,40030.0,37366.0
1710962290.1080315,18175,1710962290,105257916,crazy08/base_link,39984.0,40316.0,38868.0,37904.0
1710962290.1172404,18176,1710962290,114250501,crazy08/base_link,40393.0,39207.0,39211.0,37969.0
1710962290.128095,18177,1710962290,125266878,crazy08/base_link,40688.0,39812.0,37918.0,38362.0
1710962290.1367702,18178,1710962290,133942396,crazy08/base_link,46109.0,43961.0,42737.0,42733.0
1710962290.1476235,18179,1710962290,144715743,crazy08/base_link,44589.0,42919.0,39145.0,40983.0
1710962290.155265,18180,1710962290,152520927,crazy08/base_link,44869.0,41967.0,40061.0,40739.0
1710962290.1667962,18181,1710962290,164036559,crazy08/base_link,46832.0,46100.0,42546.0,42502.0
1710962290.1777885,18182,1710962290,175054672,crazy08/base_link,47276.0,47662.0,45742.0,43256.0
1710962290.1870637,18183,1710962290,184330380,crazy08/base_link,47749.0,48019.0,44483.0,43685.0
1710962290.1958451,18184,1710962290,192993989,crazy08/base_link,48211.0,47201.0,44641.0,43883.0
1710962290.2071826,18185,1710962290,204503051,crazy08/base_link,43943.0,42365.0,39201.0,40563.0
1710962290.2153063,18186,1710962290,212465328,crazy08/base_link,44269.0,43401.0,39487.0,38915.0
1710962290.2266936,18187,1710962290,223893371,crazy08/base_link,49844.0,49568.0,46656.0,47548.0
1710962290.2372923,18188,1710962290,234479631,crazy08/base_link,47381.0,49887.0,46827.0,43105.0
1710962290.245914,18189,1710962290,243082669,crazy08/base_link,47569.0,48485.0,46149.0,44997.0
1710962290.256278,18190,1710962290,253507657,crazy08/base_link,47333.0,48937.0,47117.0,43813.0
1710962290.2670112,18191,1710962290,264243394,crazy08/base_link,44250.0,44596.0,43732.0,42838.0
1710962290.2750187,18192,1710962290,272285718,crazy08/base_link,44271.0,45373.0,44303.0,41469.0
1710962290.2871616,18193,1710962290,284401433,crazy08/base_link,45750.0,48576.0,46978.0,43180.0
1710962290.2990181,18194,1710962290,295940526,crazy08/base_link,48106.0,49566.0,46984.0,43636.0
1710962290.3077319,18195,1710962290,304600204,crazy08/base_link,48641.0,47391.0,45349.0,45491.0
1710962290.3177345,18196,1710962290,315013085,crazy08/base_link,49033.0,48043.0,45233.0,44167.0
1710962290.3280935,18197,1710962290,325292329,crazy08/base_link,47362.0,46718.0,44910.0,43590.0
1710962290.3369718,18198,1710962290,334250225,crazy08/base_link,0.0,0.0,0.0,0.0
1710962290.3486042,18199,1710962290,345792270,crazy08/base_link,0.0,0.0,0.0,0.0
1710962290.357882,18200,1710962290,355175741,crazy08/base_link,0.0,0.0,0.0,0.0
1710962290.367356,18201,1710962290,364707465,crazy08/base_link,0.0,0.0,0.0,0.0
1710962290.3769078,18202,1710962290,374193076,crazy08/base_link,0.0,0.0,0.0,0.0
1710962290.3881435,18203,1710962290,385463600,crazy08/base_link,0.0,0.0,0.0,0.0
1710962290.3979561,18204,1710962290,395086525,crazy08/base_link,0.0,0.0,0.0,0.0
1710962290.406768,18205,1710962290,404139442,crazy08/base_link,0.0,0.0,0.0,0.0
1710962290.4176335,18206,1710962290,415021103,crazy08/base_link,0.0,0.0,0.0,0.0
1710962290.4258695,18207,1710962290,422849721,crazy08/base_link,0.0,0.0,0.0,0.0
1710962290.4351687,18208,1710962290,432244442,crazy08/base_link,0.0,0.0,0.0,0.0
1710962290.4461646,18209,1710962290,443133710,crazy08/base_link,0.0,0.0,0.0,0.0
1710962290.4576533,18210,1710962290,455005332,crazy08/base_link,0.0,0.0,0.0,0.0
1710962290.465708,18211,1710962290,462765381,crazy08/base_link,0.0,0.0,0.0,0.0
1710962290.4778695,18212,1710962290,475107879,crazy08/base_link,0.0,0.0,0.0,0.0
1710962290.4898455,18213,1710962290,487054613,crazy08/base_link,0.0,0.0,0.0,0.0
1710962290.4954453,18214,1710962290,492601327,crazy08/base_link,0.0,0.0,0.0,0.0
1710962290.5064213,18215,1710962290,503545435,crazy08/base_link,0.0,0.0,0.0,0.0
1710962290.515277,18216,1710962290,512537086,crazy08/base_link,0.0,0.0,0.0,0.0
1710962290.527979,18217,1710962290,524953657,crazy08/base_link,0.0,0.0,0.0,0.0
1710962290.5368433,18218,1710962290,534039967,crazy08/base_link,0.0,0.0,0.0,0.0
1710962290.5470908,18219,1710962290,544414728,crazy08/base_link,0.0,0.0,0.0,0.0
1710962290.5561473,18220,1710962290,553364819,crazy08/base_link,0.0,0.0,0.0,0.0
1710962290.5668044,18221,1710962290,564046094,crazy08/base_link,0.0,0.0,0.0,0.0
1710962290.5776064,18222,1710962290,574772561,crazy08/base_link,0.0,0.0,0.0,0.0
1710962290.5867672,18223,1710962290,583953383,crazy08/base_link,0.0,0.0,0.0,0.0
1710962290.5960197,18224,1710962290,593073744,crazy08/base_link,0.0,0.0,0.0,0.0
1710962290.6071029,18225,1710962290,604310506,crazy08/base_link,0.0,0.0,0.0,0.0
1710962290.6160183,18226,1710962290,613095951,crazy08/base_link,0.0,0.0,0.0,0.0
1710962290.6264844,18227,1710962290,623635422,crazy08/base_link,0.0,0.0,0.0,0.0
1710962290.636948,18228,1710962290,634188557,crazy08/base_link,0.0,0.0,0.0,0.0
1710962290.6456227,18229,1710962290,642950107,crazy08/base_link,0.0,0.0,0.0,0.0
1710962290.6563563,18230,1710962290,653590739,crazy08/base_link,0.0,0.0,0.0,0.0
1710962290.6671524,18231,1710962290,664301247,crazy08/base_link,0.0,0.0,0.0,0.0
1710962290.6761339,18232,1710962290,673088481,crazy08/base_link,0.0,0.0,0.0,0.0
1710962290.68586,18233,1710962290,682982039,crazy08/base_link,0.0,0.0,0.0,0.0
1710962290.706812,18234,1710962290,703873391,crazy08/base_link,0.0,0.0,0.0,0.0
1710962290.7160697,18235,1710962290,713033347,crazy08/base_link,0.0,0.0,0.0,0.0
1710962290.7269297,18236,1710962290,723878271,crazy08/base_link,0.0,0.0,0.0,0.0
1710962290.737416,18237,1710962290,734357869,crazy08/base_link,0.0,0.0,0.0,0.0
1710962290.7459264,18238,1710962290,742826284,crazy08/base_link,0.0,0.0,0.0,0.0
1710962290.7566278,18239,1710962290,753323297,crazy08/base_link,0.0,0.0,0.0,0.0
1710962290.7670865,18240,1710962290,764067805,crazy08/base_link,0.0,0.0,0.0,0.0
1710962290.7762284,18241,1710962290,772798908,crazy08/base_link,0.0,0.0,0.0,0.0
1710962290.7870152,18242,1710962290,784026247,crazy08/base_link,0.0,0.0,0.0,0.0
1710962290.7958653,18243,1710962290,792820934,crazy08/base_link,0.0,0.0,0.0,0.0
1710962290.8068843,18244,1710962290,803878176,crazy08/base_link,0.0,0.0,0.0,0.0
1710962290.8157442,18245,1710962290,812801610,crazy08/base_link,0.0,0.0,0.0,0.0
1710962290.8262146,18246,1710962290,823161917,crazy08/base_link,0.0,0.0,0.0,0.0
1710962290.836572,18247,1710962290,833721626,crazy08/base_link,0.0,0.0,0.0,0.0
1710962290.8472438,18248,1710962290,844164979,crazy08/base_link,0.0,0.0,0.0,0.0
1710962290.855926,18249,1710962290,852969443,crazy08/base_link,0.0,0.0,0.0,0.0
1710962290.8668094,18250,1710962290,863933757,crazy08/base_link,0.0,0.0,0.0,0.0
1710962290.87565,18251,1710962290,872596072,crazy08/base_link,0.0,0.0,0.0,0.0
1710962290.8867023,18252,1710962290,883963642,crazy08/base_link,0.0,0.0,0.0,0.0
1710962290.8958921,18253,1710962290,892781833,crazy08/base_link,0.0,0.0,0.0,0.0
1710962290.9063308,18254,1710962290,903478596,crazy08/base_link,0.0,0.0,0.0,0.0
1710962290.917189,18255,1710962290,914161853,crazy08/base_link,0.0,0.0,0.0,0.0
1710962290.9256637,18256,1710962290,922922066,crazy08/base_link,0.0,0.0,0.0,0.0
1710962290.9364388,18257,1710962290,933569531,crazy08/base_link,0.0,0.0,0.0,0.0
1710962290.9470582,18258,1710962290,944121806,crazy08/base_link,0.0,0.0,0.0,0.0
1710962290.9555593,18259,1710962290,952755371,crazy08/base_link,0.0,0.0,0.0,0.0
1710962290.9663897,18260,1710962290,963342804,crazy08/base_link,0.0,0.0,0.0,0.0
1710962290.9768045,18261,1710962290,973893373,crazy08/base_link,0.0,0.0,0.0,0.0
1710962290.986096,18262,1710962290,983130302,crazy08/base_link,0.0,0.0,0.0,0.0
1710962290.9967482,18263,1710962290,993730071,crazy08/base_link,0.0,0.0,0.0,0.0
1710962291.0071728,18264,1710962291,4167923,crazy08/base_link,0.0,0.0,0.0,0.0
1710962291.0159473,18265,1710962291,12977465,crazy08/base_link,0.0,0.0,0.0,0.0
1710962291.0268228,18266,1710962291,23554657,crazy08/base_link,0.0,0.0,0.0,0.0
1710962291.0357006,18267,1710962291,32265722,crazy08/base_link,0.0,0.0,0.0,0.0
1710962291.0458858,18268,1710962291,42905654,crazy08/base_link,0.0,0.0,0.0,0.0
1710962291.0563147,18269,1710962291,53149870,crazy08/base_link,0.0,0.0,0.0,0.0
1710962291.066702,18270,1710962291,63566283,crazy08/base_link,0.0,0.0,0.0,0.0
1710962291.0754359,18271,1710962291,72346527,crazy08/base_link,0.0,0.0,0.0,0.0
1710962291.0868616,18272,1710962291,83888776,crazy08/base_link,0.0,0.0,0.0,0.0
1710962291.0952883,18273,1710962291,92517365,crazy08/base_link,0.0,0.0,0.0,0.0
1710962291.1060743,18274,1710962291,103218250,crazy08/base_link,0.0,0.0,0.0,0.0
1710962291.1169674,18275,1710962291,114002073,crazy08/base_link,0.0,0.0,0.0,0.0
1710962291.1253607,18276,1710962291,122599534,crazy08/base_link,0.0,0.0,0.0,0.0
1710962291.136476,18277,1710962291,133583898,crazy08/base_link,0.0,0.0,0.0,0.0
1710962291.1453636,18278,1710962291,142525850,crazy08/base_link,0.0,0.0,0.0,0.0
1710962291.1561143,18279,1710962291,153268778,crazy08/base_link,0.0,0.0,0.0,0.0
1710962291.1650636,18280,1710962291,162306173,crazy08/base_link,0.0,0.0,0.0,0.0
1710962291.175716,18281,1710962291,172931161,crazy08/base_link,0.0,0.0,0.0,0.0
1710962291.1868057,18282,1710962291,183990503,crazy08/base_link,0.0,0.0,0.0,0.0
1710962291.1956062,18283,1710962291,192781211,crazy08/base_link,0.0,0.0,0.0,0.0
1710962291.2063944,18284,1710962291,203511290,crazy08/base_link,0.0,0.0,0.0,0.0
1710962291.21681,18285,1710962291,214060988,crazy08/base_link,0.0,0.0,0.0,0.0
1710962291.2256594,18286,1710962291,222872278,crazy08/base_link,0.0,0.0,0.0,0.0
1710962291.2361243,18287,1710962291,233416386,crazy08/base_link,0.0,0.0,0.0,0.0
1710962291.2471654,18288,1710962291,244078382,crazy08/base_link,0.0,0.0,0.0,0.0
1710962291.2557375,18289,1710962291,252737070,crazy08/base_link,0.0,0.0,0.0,0.0
1710962291.266801,18290,1710962291,263622724,crazy08/base_link,0.0,0.0,0.0,0.0
1710962291.277362,18291,1710962291,274142880,crazy08/base_link,0.0,0.0,0.0,0.0
1710962291.2864237,18292,1710962291,283451641,crazy08/base_link,0.0,0.0,0.0,0.0
1710962291.2970784,18293,1710962291,293941489,crazy08/base_link,0.0,0.0,0.0,0.0
1710962291.305874,18294,1710962291,303028368,crazy08/base_link,0.0,0.0,0.0,0.0
1710962291.316288,18295,1710962291,313492683,crazy08/base_link,0.0,0.0,0.0,0.0
1710962291.3254247,18296,1710962291,322527442,crazy08/base_link,0.0,0.0,0.0,0.0
1710962291.3361256,18297,1710962291,333058721,crazy08/base_link,0.0,0.0,0.0,0.0
1710962291.3468187,18298,1710962291,343559743,crazy08/base_link,0.0,0.0,0.0,0.0
1710962291.357341,18299,1710962291,354267505,crazy08/base_link,0.0,0.0,0.0,0.0
1710962291.3658726,18300,1710962291,363046114,crazy08/base_link,0.0,0.0,0.0,0.0
1710962291.3764448,18301,1710962291,373384078,crazy08/base_link,0.0,0.0,0.0,0.0
1710962291.3859572,18302,1710962291,382780320,crazy08/base_link,0.0,0.0,0.0,0.0
1710962291.3964415,18303,1710962291,393385100,crazy08/base_link,0.0,0.0,0.0,0.0
1710962291.4070249,18304,1710962291,403912960,crazy08/base_link,0.0,0.0,0.0,0.0
1710962291.416042,18305,1710962291,412793424,crazy08/base_link,0.0,0.0,0.0,0.0
1710962291.4265447,18306,1710962291,423459631,crazy08/base_link,0.0,0.0,0.0,0.0
1710962291.435186,18307,1710962291,432226589,crazy08/base_link,0.0,0.0,0.0,0.0
1710962291.4456363,18308,1710962291,442509475,crazy08/base_link,0.0,0.0,0.0,0.0
1710962291.4572203,18309,1710962291,454169783,crazy08/base_link,0.0,0.0,0.0,0.0
1710962291.465722,18310,1710962291,462931644,crazy08/base_link,0.0,0.0,0.0,0.0
1710962291.4765866,18311,1710962291,473548006,crazy08/base_link,0.0,0.0,0.0,0.0
1710962291.4861581,18312,1710962291,483055493,crazy08/base_link,0.0,0.0,0.0,0.0
1710962291.5071983,18313,1710962291,504063622,crazy08/base_link,0.0,0.0,0.0,0.0
1710962291.5160646,18314,1710962291,513059902,crazy08/base_link,0.0,0.0,0.0,0.0
1710962291.5264902,18315,1710962291,523392359,crazy08/base_link,0.0,0.0,0.0,0.0
1710962291.5350368,18316,1710962291,532193985,crazy08/base_link,0.0,0.0,0.0,0.0
1710962291.5460267,18317,1710962291,543141139,crazy08/base_link,0.0,0.0,0.0,0.0
1710962291.556836,18318,1710962291,553808734,crazy08/base_link,0.0,0.0,0.0,0.0
1710962291.565655,18319,1710962291,562601585,crazy08/base_link,0.0,0.0,0.0,0.0
1710962291.5763712,18320,1710962291,573261505,crazy08/base_link,0.0,0.0,0.0,0.0
1710962291.5858102,18321,1710962291,582748212,crazy08/base_link,0.0,0.0,0.0,0.0
1710962291.5967016,18322,1710962291,593669643,crazy08/base_link,0.0,0.0,0.0,0.0
1710962291.6052225,18323,1710962291,602419403,crazy08/base_link,0.0,0.0,0.0,0.0
1710962291.6158886,18324,1710962291,613033248,crazy08/base_link,0.0,0.0,0.0,0.0
1710962291.6258485,18325,1710962291,622943162,crazy08/base_link,0.0,0.0,0.0,0.0
1710962291.6363575,18326,1710962291,633455184,crazy08/base_link,0.0,0.0,0.0,0.0
1710962291.6454277,18327,1710962291,642361279,crazy08/base_link,0.0,0.0,0.0,0.0
1710962291.655645,18328,1710962291,652790163,crazy08/base_link,0.0,0.0,0.0,0.0
1710962291.6654117,18329,1710962291,662420248,crazy08/base_link,0.0,0.0,0.0,0.0
1710962291.6752584,18330,1710962291,672301134,crazy08/base_link,0.0,0.0,0.0,0.0
1710962291.6864202,18331,1710962291,683512245,crazy08/base_link,0.0,0.0,0.0,0.0
1710962291.694913,18332,1710962291,692133343,crazy08/base_link,0.0,0.0,0.0,0.0
1710962291.7057254,18333,1710962291,702848243,crazy08/base_link,0.0,0.0,0.0,0.0
1710962291.7156308,18334,1710962291,712866173,crazy08/base_link,0.0,0.0,0.0,0.0
1710962291.7362907,18335,1710962291,733486029,crazy08/base_link,0.0,0.0,0.0,0.0
1710962291.7450151,18336,1710962291,742221163,crazy08/base_link,0.0,0.0,0.0,0.0
1710962291.7552245,18337,1710962291,752475911,crazy08/base_link,0.0,0.0,0.0,0.0
1710962291.766452,18338,1710962291,763490045,crazy08/base_link,0.0,0.0,0.0,0.0
1710962291.7750466,18339,1710962291,772291001,crazy08/base_link,0.0,0.0,0.0,0.0
1710962291.786377,18340,1710962291,783398306,crazy08/base_link,0.0,0.0,0.0,0.0
1710962291.794809,18341,1710962291,792001682,crazy08/base_link,0.0,0.0,0.0,0.0
1710962291.826193,18342,1710962291,823445200,crazy08/base_link,0.0,0.0,0.0,0.0
1710962291.83512,18343,1710962291,832162754,crazy08/base_link,0.0,0.0,0.0,0.0
1710962291.8457344,18344,1710962291,842707097,crazy08/base_link,0.0,0.0,0.0,0.0
1710962291.8563707,18345,1710962291,853556296,crazy08/base_link,0.0,0.0,0.0,0.0
1710962291.8652527,18346,1710962291,862542225,crazy08/base_link,0.0,0.0,0.0,0.0
1710962291.875695,18347,1710962291,872972908,crazy08/base_link,0.0,0.0,0.0,0.0
